-- MySQL dump 10.13  Distrib 5.7.12, for Win64 (x86_64)
--
-- Host: 10.20.1.88    Database: insurance_admin
-- ------------------------------------------------------
-- Server version	5.5.30-log

/*!40101 SET @OLD_CHARACTER_SET_CLIENT=@@CHARACTER_SET_CLIENT */;
/*!40101 SET @OLD_CHARACTER_SET_RESULTS=@@CHARACTER_SET_RESULTS */;
/*!40101 SET @OLD_COLLATION_CONNECTION=@@COLLATION_CONNECTION */;
/*!40101 SET NAMES utf8 */;
/*!40103 SET @OLD_TIME_ZONE=@@TIME_ZONE */;
/*!40103 SET TIME_ZONE='+00:00' */;
/*!40014 SET @OLD_UNIQUE_CHECKS=@@UNIQUE_CHECKS, UNIQUE_CHECKS=0 */;
/*!40014 SET @OLD_FOREIGN_KEY_CHECKS=@@FOREIGN_KEY_CHECKS, FOREIGN_KEY_CHECKS=0 */;
/*!40101 SET @OLD_SQL_MODE=@@SQL_MODE, SQL_MODE='NO_AUTO_VALUE_ON_ZERO' */;
/*!40111 SET @OLD_SQL_NOTES=@@SQL_NOTES, SQL_NOTES=0 */;

--
-- Table structure for table `organization`
--

DROP TABLE IF EXISTS `organization`;
/*!40101 SET @saved_cs_client     = @@character_set_client */;
/*!40101 SET character_set_client = utf8 */;
CREATE TABLE `organization` (
  `id` bigint(19) NOT NULL AUTO_INCREMENT,
  `name` varchar(64) NOT NULL,
  `address` varchar(100) DEFAULT NULL,
  `code` varchar(64) NOT NULL,
  `icon` varchar(32) DEFAULT NULL,
  `pid` bigint(19) DEFAULT NULL,
  `seq` tinyint(2) NOT NULL DEFAULT '0',
  `createdate` datetime NOT NULL,
  PRIMARY KEY (`id`)
) ENGINE=InnoDB AUTO_INCREMENT=8 DEFAULT CHARSET=utf8 COMMENT='组织机构';
/*!40101 SET character_set_client = @saved_cs_client */;

--
-- Dumping data for table `organization`
--

LOCK TABLES `organization` WRITE;
/*!40000 ALTER TABLE `organization` DISABLE KEYS */;
INSERT INTO `organization` VALUES (1,'总经办','','01','icon-company',NULL,0,'2014-02-19 01:00:00'),(3,'技术部','','02','icon-company',NULL,1,'2015-10-01 13:10:42'),(5,'产品部','','03','icon-company',NULL,2,'2015-12-06 12:15:30'),(6,'测试组','','04','icon-folder',3,0,'2015-12-06 13:12:18'),(7,'市场部','','04','icon-folder',NULL,4,'2016-10-17 17:30:42');
/*!40000 ALTER TABLE `organization` ENABLE KEYS */;
UNLOCK TABLES;

--
-- Table structure for table `resource`
--

DROP TABLE IF EXISTS `resource`;
/*!40101 SET @saved_cs_client     = @@character_set_client */;
/*!40101 SET character_set_client = utf8 */;
CREATE TABLE `resource` (
  `id` bigint(19) NOT NULL AUTO_INCREMENT,
  `name` varchar(64) NOT NULL,
  `url` varchar(100) DEFAULT NULL,
  `description` varchar(255) DEFAULT NULL,
  `icon` varchar(32) DEFAULT NULL,
  `pid` bigint(19) DEFAULT NULL,
  `seq` tinyint(2) NOT NULL DEFAULT '0',
  `status` tinyint(2) NOT NULL DEFAULT '0',
  `resourcetype` tinyint(2) NOT NULL DEFAULT '0',
  `createdate` datetime NOT NULL,
  PRIMARY KEY (`id`)
) ENGINE=InnoDB AUTO_INCREMENT=292 DEFAULT CHARSET=utf8 COMMENT='资源';
/*!40101 SET character_set_client = @saved_cs_client */;

--
-- Dumping data for table `resource`
--

LOCK TABLES `resource` WRITE;
/*!40000 ALTER TABLE `resource` DISABLE KEYS */;
INSERT INTO `resource` VALUES (1,'系统管理','','系统管理','icon-company',NULL,15,0,0,'2014-02-19 01:00:00'),(11,'资源管理','/resource/manager','资源管理','icon-folder',1,1,0,0,'2014-02-19 01:00:00'),(12,'角色管理','/role/manager','角色管理','icon-filter',1,2,0,0,'2014-02-19 01:00:00'),(13,'用户管理','/user/manager','用户管理','icon-man',1,3,0,0,'2014-02-19 01:00:00'),(14,'部门管理','/organization/manager','部门管理','icon-company',1,4,0,0,'2014-02-19 01:00:00'),(111,'列表','/resource/treeGrid','资源列表','icon-list',11,0,0,1,'2014-02-19 01:00:00'),(112,'添加','/resource/add','资源添加','icon-add',11,0,0,1,'2014-02-19 01:00:00'),(113,'编辑','/resource/edit','资源编辑','icon-edit',11,0,0,1,'2014-02-19 01:00:00'),(114,'删除','/resource/delete','资源删除','icon-del',11,0,0,1,'2014-02-19 01:00:00'),(121,'列表','/role/dataGrid','角色列表','icon-list',12,0,0,1,'2014-02-19 01:00:00'),(122,'添加','/role/add','角色添加','icon-add',12,0,0,1,'2014-02-19 01:00:00'),(123,'编辑','/role/edit','角色编辑','icon-edit',12,0,0,1,'2014-02-19 01:00:00'),(124,'删除','/role/delete','角色删除','icon-del',12,0,0,1,'2014-02-19 01:00:00'),(125,'授权','/role/grant','角色授权','icon-ok',12,0,0,1,'2014-02-19 01:00:00'),(131,'列表','/user/dataGrid','用户列表','icon-list',13,0,0,1,'2014-02-19 01:00:00'),(132,'添加','/user/add','用户添加','icon-add',13,0,0,1,'2014-02-19 01:00:00'),(133,'编辑','/user/edit','用户编辑','icon-edit',13,0,0,1,'2014-02-19 01:00:00'),(134,'删除','/user/delete','用户删除','icon-del',13,0,0,1,'2014-02-19 01:00:00'),(141,'列表','/organization/treeGrid','用户列表','icon-list',14,0,0,1,'2014-02-19 01:00:00'),(142,'添加','/organization/add','部门添加','icon-add',14,0,0,1,'2014-02-19 01:00:00'),(143,'编辑','/organization/edit','部门编辑','icon-edit',14,0,0,1,'2014-02-19 01:00:00'),(144,'删除','/organization/delete','部门删除','icon-del',14,0,0,1,'2014-02-19 01:00:00'),(221,'日志管理','/sysLog/manager',NULL,'icon-company',NULL,14,0,0,'2015-12-01 11:44:20'),(222,'业务管理','',NULL,'icon-company',NULL,1,0,0,'2015-12-06 12:40:42'),(226,'修改密码','/user/editPwdPage',NULL,'icon-edit',NULL,16,0,1,'2015-12-07 20:23:06'),(227,'登录日志','/sysLog/manager',NULL,'icon-large-smartart',221,1,0,0,'2016-09-30 14:51:00'),(228,'Druid监控','/druid',NULL,'icon-large-chart',221,2,0,0,'2016-09-30 14:51:51'),(229,'删除','',NULL,'icon-del',227,0,0,1,'2016-09-30 14:58:17'),(232,'员工管理','/employee/manager',NULL,'icon-list',287,10,0,0,'2016-10-18 14:32:33'),(233,'添加','/employee/addPage',NULL,'icon-add',232,1,0,1,'2016-10-18 16:23:52'),(234,'编辑','/employee/editPage',NULL,'icon-edit',232,2,0,1,'2016-10-19 10:14:17'),(235,'删除','/employee/delete',NULL,'icon-del',232,3,0,1,'2016-10-19 10:15:21'),(236,'保险公司管理','/baseData/companyManager',NULL,'icon-list',222,0,0,0,'2016-10-21 10:01:22'),(237,'添加','/baseData/companyAdd',NULL,'icon-add',236,1,0,1,'2016-10-21 10:03:48'),(238,'会员管理','/member/manager',NULL,'icon-man',287,15,0,0,'2016-10-21 11:41:42'),(240,'订单管理','/orders/manager',NULL,'icon-list',287,16,0,0,'2016-10-25 11:53:41'),(241,'上传保单','/orders/ordersEdit',NULL,'icon-edit',240,1,0,1,'2016-10-25 12:00:35'),(242,'编辑','/baseData/companyEdit',NULL,'icon-edit',236,2,0,1,'2016-10-25 15:18:15'),(243,'删除','/baseData/companyDel',NULL,'icon-del',236,3,0,1,'2016-10-25 15:19:09'),(244,'网站配置','',NULL,'icon-company',NULL,2,0,0,'2016-10-31 15:35:38'),(245,'banner管理','/homePage/bannerManager',NULL,'icon-list',244,1,0,0,'2016-10-31 15:48:18'),(246,'添加','/homePage/bannerAdd',NULL,'icon-add',245,1,0,1,'2016-11-01 16:45:12'),(247,'删除','/homePage/bannerDelete',NULL,'icon-del',245,3,0,1,'2016-11-01 16:45:51'),(248,'场景按钮管理','/homePage/sceneButtonManager',NULL,'icon-list',244,2,0,0,'2016-11-02 14:23:05'),(249,'添加','/homePage/sceneButtonAdd',NULL,'icon-add',248,1,0,1,'2016-11-02 14:23:53'),(250,'删除','/homePage/sceneButtonDelete',NULL,'icon-del',248,3,0,1,'2016-11-02 14:24:52'),(251,'编辑','/homePage/sceneButtonEdit',NULL,'icon-edit',248,2,0,1,'2016-11-02 14:43:39'),(252,'编辑','/homePage/bannerEdit',NULL,'icon-edit',245,2,0,1,'2016-11-03 09:53:11'),(253,'底部功能按钮','/homePage/funButtonManager',NULL,'icon-list',244,3,0,0,'2016-11-03 14:46:37'),(254,'添加','/homePage/funButtonAdd',NULL,'icon-add',253,1,0,1,'2016-11-03 14:47:25'),(255,'编辑','/homePage/funButtonEdit',NULL,'icon-edit',253,3,0,1,'2016-11-03 14:47:57'),(256,'删除','/homePage/funButtonDel',NULL,'icon-del',253,2,0,1,'2016-11-03 14:48:24'),(257,'产品管理','/product/productManager',NULL,'icon-list',222,1,0,0,'2016-11-09 17:52:48'),(258,'添加','/product/productAdd',NULL,'icon-add',257,1,0,1,'2016-11-09 17:54:51'),(259,'编辑','/product/productEdit',NULL,'icon-edit',257,2,0,1,'2016-11-09 17:55:31'),(260,'发布','/product/productState',NULL,'icon-add',257,3,0,1,'2016-11-09 18:00:00'),(261,'结束','/product/productEnd',NULL,'icon-del',257,4,0,1,'2016-11-09 18:00:41'),(262,'删除','/product/productDel',NULL,'icon-del',257,5,0,1,'2016-11-09 18:01:33'),(263,'银行管理','/baseData/bankManager',NULL,'icon-list',244,17,0,0,'2016-11-16 16:52:32'),(264,'添加','/baseData/bankAdd',NULL,'icon-add',263,0,0,1,'2016-11-16 16:54:14'),(265,'编辑','/baseData/bankEdit',NULL,'icon-edit',263,1,0,1,'2016-11-16 16:55:46'),(266,'删除','/baseData/bankDel',NULL,'icon-del',263,2,0,1,'2016-11-16 16:56:42'),(267,'添加','/baseData/bankSixInfoAdd',NULL,'icon-add',263,0,0,1,'2016-11-18 11:10:43'),(268,'删除','/baseData/bankSixInfoDel',NULL,'icon-del',263,0,0,1,'2016-11-18 11:11:17'),(269,'积分商品管理','/baseData/integeralProManager',NULL,'icon-list',222,18,0,0,'2016-11-21 14:16:45'),(270,'添加','/baseData/integeralProAdd',NULL,'icon-add',269,0,0,1,'2016-11-21 14:18:16'),(271,'编辑','/baseData/integeralProEdit',NULL,'icon-edit',269,2,0,1,'2016-11-21 14:18:57'),(272,'删除','/baseData/integeralProDel',NULL,'icon-del',269,3,0,1,'2016-11-21 14:19:38'),(273,'条款管理','/provision/managerPage',NULL,'icon-list',244,2,0,0,'2016-12-12 15:26:41'),(274,'添加','/provision/add',NULL,'icon-add',273,1,0,1,'2016-12-12 15:27:31'),(275,'图片管理','/image/manager',NULL,'icon-list',244,3,0,0,'2016-12-13 17:02:51'),(276,'添加','/baseData/integeralCardAdd',NULL,'icon-add',269,4,0,1,'2016-12-14 14:40:53'),(278,'图片删除','/image/delete',NULL,'icon-del',275,2,0,1,'2016-12-14 17:58:01'),(279,'图片添加','/image/add',NULL,'icon-add',275,3,0,1,'2016-12-14 17:58:48'),(280,'活动页面管理','/activePage/manager',NULL,'icon-list',244,6,0,0,'2016-12-20 09:48:41'),(281,'添加','/activePage/addPage',NULL,'icon-add',280,0,0,1,'2016-12-20 09:52:04'),(282,'编辑','/activePage/editPage',NULL,'icon-edit',280,1,0,1,'2016-12-20 09:52:38'),(283,'删除','/activePage/delete',NULL,'icon-del',280,2,0,1,'2016-12-20 09:53:22'),(284,'计划任务','/schedule/scheduleList',NULL,'icon-folder',1,0,0,0,'2016-12-20 18:10:13'),(285,'修改','/schedule/scheduleEdit',NULL,'icon-edit',284,0,1,1,'2016-12-21 11:46:09'),(286,'添加任务','/schedule/scheduleAdd',NULL,'icon-add',284,1,0,1,'2016-12-21 11:47:47'),(287,'会员管理','',NULL,'icon-company',NULL,0,0,0,'2016-12-29 18:11:22'),(288,'邮件模板','/templet/managerPage',NULL,'icon-list',222,2,0,0,'2017-02-05 10:52:44'),(289,'添加','/templet/add',NULL,'icon-add',288,1,0,1,'2017-02-05 14:45:32'),(291,'删除','/templet/del',NULL,'icon-del',288,3,0,1,'2017-02-05 14:46:31');
/*!40000 ALTER TABLE `resource` ENABLE KEYS */;
UNLOCK TABLES;

--
-- Table structure for table `role`
--

DROP TABLE IF EXISTS `role`;
/*!40101 SET @saved_cs_client     = @@character_set_client */;
/*!40101 SET character_set_client = utf8 */;
CREATE TABLE `role` (
  `id` bigint(19) NOT NULL AUTO_INCREMENT,
  `name` varchar(64) NOT NULL,
  `seq` tinyint(2) NOT NULL DEFAULT '0',
  `description` varchar(255) DEFAULT NULL,
  `status` tinyint(2) NOT NULL DEFAULT '0',
  PRIMARY KEY (`id`)
) ENGINE=InnoDB AUTO_INCREMENT=10 DEFAULT CHARSET=utf8 COMMENT='角色';
/*!40101 SET character_set_client = @saved_cs_client */;

--
-- Dumping data for table `role`
--

LOCK TABLES `role` WRITE;
/*!40000 ALTER TABLE `role` DISABLE KEYS */;
INSERT INTO `role` VALUES (1,'超级管理员',0,'超级管理员',0),(2,'技术部经理',0,'技术部经理',0),(7,'产品部经理',0,'产品部经理',0),(8,'测试账户',0,'测试账户1',0),(9,'测试',0,'测试',0);
/*!40000 ALTER TABLE `role` ENABLE KEYS */;
UNLOCK TABLES;

--
-- Table structure for table `role_resource`
--

DROP TABLE IF EXISTS `role_resource`;
/*!40101 SET @saved_cs_client     = @@character_set_client */;
/*!40101 SET character_set_client = utf8 */;
CREATE TABLE `role_resource` (
  `id` bigint(19) NOT NULL AUTO_INCREMENT,
  `role_id` bigint(19) NOT NULL,
  `resource_id` bigint(19) NOT NULL,
  PRIMARY KEY (`id`)
) ENGINE=InnoDB AUTO_INCREMENT=3530 DEFAULT CHARSET=utf8 COMMENT='角色资源';
/*!40101 SET character_set_client = @saved_cs_client */;

--
-- Dumping data for table `role_resource`
--

LOCK TABLES `role_resource` WRITE;
/*!40000 ALTER TABLE `role_resource` DISABLE KEYS */;
INSERT INTO `role_resource` VALUES (0,3,1),(159,3,11),(160,3,111),(161,3,112),(162,3,113),(163,3,114),(164,3,12),(165,3,121),(166,3,122),(167,3,123),(168,3,124),(169,3,125),(170,3,13),(171,3,131),(172,3,132),(173,3,133),(174,3,134),(175,3,14),(176,3,141),(177,3,142),(178,3,143),(179,3,144),(349,2,1),(350,2,13),(351,2,131),(352,2,132),(353,2,133),(354,2,222),(355,2,223),(356,2,224),(357,2,221),(358,2,226),(359,7,1),(360,7,14),(361,7,141),(362,7,142),(363,7,143),(364,7,222),(365,7,223),(366,7,224),(367,7,221),(368,7,226),(1537,8,222),(1538,8,221),(1539,8,1),(1540,8,11),(1541,8,111),(1542,8,12),(1543,8,121),(1544,8,13),(1545,8,131),(1546,8,14),(1547,8,141),(3198,9,287),(3199,9,232),(3200,9,233),(3201,9,234),(3202,9,235),(3203,9,238),(3204,9,240),(3205,9,241),(3206,9,222),(3207,9,236),(3208,9,237),(3209,9,242),(3210,9,243),(3211,9,257),(3212,9,258),(3213,9,259),(3214,9,260),(3215,9,261),(3216,9,262),(3217,9,269),(3218,9,270),(3219,9,271),(3220,9,272),(3221,9,276),(3222,9,244),(3223,9,245),(3224,9,246),(3225,9,252),(3226,9,247),(3227,9,273),(3228,9,274),(3229,9,248),(3230,9,249),(3231,9,251),(3232,9,250),(3233,9,275),(3234,9,278),(3235,9,279),(3236,9,253),(3237,9,254),(3238,9,256),(3239,9,255),(3240,9,280),(3241,9,281),(3242,9,282),(3243,9,283),(3244,9,263),(3245,9,264),(3246,9,267),(3247,9,268),(3248,9,265),(3249,9,266),(3250,9,221),(3251,9,227),(3252,9,229),(3253,9,228),(3254,9,1),(3255,9,284),(3256,9,285),(3257,9,286),(3258,9,11),(3259,9,111),(3260,9,112),(3261,9,113),(3262,9,114),(3263,9,12),(3264,9,121),(3265,9,122),(3266,9,123),(3267,9,124),(3268,9,125),(3269,9,13),(3270,9,131),(3271,9,132),(3272,9,133),(3273,9,134),(3274,9,14),(3275,9,141),(3276,9,142),(3277,9,143),(3278,9,144),(3446,1,287),(3447,1,232),(3448,1,233),(3449,1,234),(3450,1,235),(3451,1,238),(3452,1,240),(3453,1,241),(3454,1,222),(3455,1,236),(3456,1,237),(3457,1,242),(3458,1,243),(3459,1,257),(3460,1,258),(3461,1,259),(3462,1,260),(3463,1,261),(3464,1,262),(3465,1,288),(3466,1,289),(3467,1,291),(3468,1,269),(3469,1,270),(3470,1,271),(3471,1,272),(3472,1,276),(3473,1,244),(3474,1,245),(3475,1,246),(3476,1,252),(3477,1,247),(3478,1,273),(3479,1,274),(3480,1,248),(3481,1,249),(3482,1,251),(3483,1,250),(3484,1,275),(3485,1,278),(3486,1,279),(3487,1,253),(3488,1,254),(3489,1,256),(3490,1,255),(3491,1,280),(3492,1,281),(3493,1,282),(3494,1,283),(3495,1,263),(3496,1,264),(3497,1,267),(3498,1,268),(3499,1,265),(3500,1,266),(3501,1,221),(3502,1,227),(3503,1,229),(3504,1,228),(3505,1,1),(3506,1,284),(3507,1,285),(3508,1,286),(3509,1,11),(3510,1,111),(3511,1,112),(3512,1,113),(3513,1,114),(3514,1,12),(3515,1,121),(3516,1,122),(3517,1,123),(3518,1,124),(3519,1,125),(3520,1,13),(3521,1,131),(3522,1,132),(3523,1,133),(3524,1,134),(3525,1,14),(3526,1,141),(3527,1,142),(3528,1,143),(3529,1,144);
/*!40000 ALTER TABLE `role_resource` ENABLE KEYS */;
UNLOCK TABLES;

--
-- Table structure for table `syslog`
--

DROP TABLE IF EXISTS `syslog`;
/*!40101 SET @saved_cs_client     = @@character_set_client */;
/*!40101 SET character_set_client = utf8 */;
CREATE TABLE `syslog` (
  `id` bigint(20) NOT NULL AUTO_INCREMENT,
  `login_name` varchar(255) DEFAULT NULL,
  `role_name` varchar(255) DEFAULT NULL,
  `opt_content` varchar(1024) DEFAULT NULL,
  `client_ip` varchar(255) DEFAULT NULL,
  `create_time` datetime DEFAULT NULL,
  PRIMARY KEY (`id`)
) ENGINE=InnoDB AUTO_INCREMENT=1012 DEFAULT CHARSET=utf8;
/*!40101 SET character_set_client = @saved_cs_client */;

--
-- Dumping data for table `syslog`
--

LOCK TABLES `syslog` WRITE;
/*!40000 ALTER TABLE `syslog` DISABLE KEYS */;
INSERT INTO `syslog` VALUES (304,'admin','admin','[类名]:com.mrbt.insurance.admin.controller.ResourceController,[方法]:editPage,[参数]:id=222&_=1475218108277&','192.168.1.170','2016-09-30 14:48:44'),(305,'admin','admin','[类名]:com.mrbt.insurance.admin.controller.ResourceController,[方法]:edit,[参数]:id=222&name=网站设置&resourcetype=0&url=&seq=1&icon=icon-company&status=0&pid=&','192.168.1.170','2016-09-30 14:48:53'),(306,'admin','admin','[类名]:com.mrbt.insurance.admin.controller.ResourceController,[方法]:addPage,[参数]:',NULL,'2016-09-30 14:50:12'),(307,'admin','admin','[类名]:com.mrbt.insurance.admin.controller.ResourceController,[方法]:add,[参数]:name=登录日志&resourcetype=0&url=/sysLog/manager&seq=1&icon=icon-large-smartart&status=0&pid=221&','192.168.1.170','2016-09-30 14:51:00'),(308,'admin','admin','[类名]:com.mrbt.insurance.admin.controller.ResourceController,[方法]:addPage,[参数]:',NULL,'2016-09-30 14:51:06'),(309,'admin','admin','[类名]:com.mrbt.insurance.admin.controller.ResourceController,[方法]:add,[参数]:name=Druid监控&resourcetype=0&url=/druid&seq=2&icon=icon-man&status=0&pid=221&','192.168.1.170','2016-09-30 14:51:51'),(310,'admin','admin','[类名]:com.mrbt.insurance.admin.controller.ResourceController,[方法]:editPage,[参数]:id=12&_=1475218331438&','192.168.1.170','2016-09-30 14:52:14'),(311,'admin','admin','[类名]:com.mrbt.insurance.admin.controller.ResourceController,[方法]:edit,[参数]:id=12&name=角色管理&resourcetype=0&url=/role/manager&seq=2&icon=icon-filter&status=0&pid=1&','192.168.1.170','2016-09-30 14:52:24'),(312,'admin','admin','[类名]:com.mrbt.insurance.admin.controller.ResourceController,[方法]:editPage,[参数]:id=13&_=1475218331439&','192.168.1.170','2016-09-30 14:52:29'),(313,'admin','admin','[类名]:com.mrbt.insurance.admin.controller.ResourceController,[方法]:edit,[参数]:id=13&name=用户管理&resourcetype=0&url=/user/manager&seq=3&icon=icon-man&status=0&pid=1&','192.168.1.170','2016-09-30 14:52:35'),(314,'admin','admin','[类名]:com.mrbt.insurance.admin.controller.ResourceController,[方法]:editPage,[参数]:id=14&_=1475218331440&','192.168.1.170','2016-09-30 14:52:39'),(315,'admin','admin','[类名]:com.mrbt.insurance.admin.controller.ResourceController,[方法]:edit,[参数]:id=14&name=部门管理&resourcetype=0&url=/organization/manager&seq=4&icon=icon-company&status=0&pid=1&','192.168.1.170','2016-09-30 14:52:50'),(316,'admin','admin','[类名]:com.mrbt.insurance.admin.controller.ResourceController,[方法]:editPage,[参数]:id=228&_=1475218331441&','192.168.1.170','2016-09-30 14:52:58'),(317,'admin','admin','[类名]:com.mrbt.insurance.admin.controller.ResourceController,[方法]:edit,[参数]:id=228&name=Druid监控&resourcetype=0&url=/druid&seq=2&icon=icon-large-chart&status=0&pid=221&','192.168.1.170','2016-09-30 14:53:14'),(318,'admin','admin','[类名]:com.mrbt.insurance.admin.controller.ResourceController,[方法]:editPage,[参数]:id=13&_=1475218414323&','192.168.1.170','2016-09-30 14:53:36'),(319,'admin','admin','[类名]:com.mrbt.insurance.admin.controller.ResourceController,[方法]:editPage,[参数]:id=13&_=1475218505897&','192.168.1.170','2016-09-30 14:55:20'),(320,'admin','admin','[类名]:com.mrbt.insurance.admin.controller.ResourceController,[方法]:edit,[参数]:id=13&name=用户管理&resourcetype=0&url=/user/manager&seq=3&icon=icon-man&status=0&pid=1&','192.168.1.170','2016-09-30 14:55:24'),(321,'admin','admin','[类名]:com.mrbt.insurance.admin.controller.ResourceController,[方法]:addPage,[参数]:',NULL,'2016-09-30 14:57:47'),(322,'admin','admin','[类名]:com.mrbt.insurance.admin.controller.ResourceController,[方法]:add,[参数]:name=删除&resourcetype=1&url=&seq=0&icon=&status=0&pid=227&','192.168.1.170','2016-09-30 14:58:17'),(323,'admin','admin','[类名]:com.mrbt.insurance.admin.controller.ResourceController,[方法]:editPage,[参数]:id=229&_=1475218653119&','192.168.1.170','2016-09-30 14:58:22'),(324,'admin','admin','[类名]:com.mrbt.insurance.admin.controller.ResourceController,[方法]:editPage,[参数]:id=143&_=1475218653120&','192.168.1.170','2016-09-30 14:58:56'),(325,'admin','admin','[类名]:com.mrbt.insurance.admin.controller.ResourceController,[方法]:editPage,[参数]:id=229&_=1475218653121&','192.168.1.170','2016-09-30 14:59:51'),(326,'admin','admin','[类名]:com.mrbt.insurance.admin.controller.ResourceController,[方法]:edit,[参数]:id=229&name=删除&resourcetype=1&url=&seq=0&icon=icon-del&status=0&pid=227&','192.168.1.170','2016-09-30 14:59:55'),(327,'admin','admin','[类名]:com.mrbt.insurance.admin.controller.LoginController,[方法]:logout,[参数]:',NULL,'2016-09-30 15:10:27'),(328,'admin','admin','[类名]:com.mrbt.insurance.admin.controller.LoginController,[方法]:logout,[参数]:',NULL,'2016-10-08 10:58:38'),(329,'admin','admin','[类名]:com.mrbt.insurance.admin.controller.LoginController,[方法]:logout,[参数]:',NULL,'2016-10-08 11:04:29'),(330,'admin','admin','[类名]:com.mrbt.insurance.admin.controller.RoleController,[方法]:grantPage,[参数]:id=1&_=1475895869355&','0:0:0:0:0:0:0:1','2016-10-08 11:05:25'),(331,'admin','admin','[类名]:com.mrbt.insurance.admin.controller.RoleController,[方法]:grantPage,[参数]:id=8&_=1475895869356&','0:0:0:0:0:0:0:1','2016-10-08 11:06:38'),(332,'admin','admin','[类名]:com.mrbt.insurance.admin.controller.RoleController,[方法]:editPage,[参数]:id=8&_=1475895869357&','0:0:0:0:0:0:0:1','2016-10-08 11:06:55'),(333,'admin','admin','[类名]:com.mrbt.insurance.admin.controller.RoleController,[方法]:addPage,[参数]:',NULL,'2016-10-08 11:07:07'),(334,'admin','admin','[类名]:com.mrbt.insurance.admin.controller.OrganizationController,[方法]:editPage,[参数]:id=1&_=1475895869359&','0:0:0:0:0:0:0:1','2016-10-08 11:08:08'),(335,'admin','admin','[类名]:com.mrbt.insurance.admin.controller.OrganizationController,[方法]:editPage,[参数]:id=6&_=1475895869360&','0:0:0:0:0:0:0:1','2016-10-08 11:08:26'),(336,'admin','admin','[类名]:com.mrbt.insurance.admin.controller.OrganizationController,[方法]:editPage,[参数]:id=5&_=1475895869361&','0:0:0:0:0:0:0:1','2016-10-08 11:08:41'),(337,'admin','admin','[类名]:com.mrbt.insurance.admin.controller.ResourceController,[方法]:editPage,[参数]:id=226&_=1475895869362&','0:0:0:0:0:0:0:1','2016-10-08 11:34:12'),(338,'admin','admin','[类名]:com.mrbt.insurance.admin.controller.ResourceController,[方法]:delete,[参数]:id=223&','192.168.1.170','2016-10-09 12:01:44'),(339,'admin','admin','[类名]:com.mrbt.insurance.admin.controller.ResourceController,[方法]:delete,[参数]:id=224&','192.168.1.170','2016-10-09 12:01:50'),(340,'admin','admin','[类名]:com.mrbt.insurance.admin.controller.ResourceController,[方法]:addPage,[参数]:',NULL,'2016-10-09 12:01:57'),(341,'admin','admin','[类名]:com.mrbt.insurance.admin.controller.ResourceController,[方法]:add,[参数]:name=功能测试&resourcetype=0&url=/test/dataGrid&seq=0&icon=icon-list&status=0&pid=222&','192.168.1.170','2016-10-09 12:02:56'),(342,'admin','admin','[类名]:com.mrbt.insurance.admin.controller.ResourceController,[方法]:editPage,[参数]:id=230&_=1475985803106&','192.168.1.170','2016-10-09 12:04:00'),(343,'admin','admin','[类名]:com.mrbt.insurance.admin.controller.ResourceController,[方法]:edit,[参数]:id=230&name=功能测试&resourcetype=0&url=/test/slave&seq=0&icon=icon-list&status=0&pid=222&','192.168.1.170','2016-10-09 12:04:08'),(344,'admin','admin','[类名]:com.mrbt.insurance.admin.controller.ResourceController,[方法]:editPage,[参数]:id=230&_=1475997564194&','192.168.1.170','2016-10-09 15:19:38'),(345,'admin','admin','[类名]:com.mrbt.insurance.admin.controller.ResourceController,[方法]:edit,[参数]:id=230&name=功能测试&resourcetype=0&url=/webset/slave&seq=0&icon=icon-list&status=0&pid=222&','192.168.1.170','2016-10-09 15:19:54'),(346,'admin','admin','[类名]:com.mrbt.insurance.admin.controller.LoginController,[方法]:logout,[参数]:',NULL,'2016-10-10 18:07:36'),(347,'admin','admin','[类名]:com.mrbt.insurance.admin.controller.ResourceController,[方法]:addPage,[参数]:',NULL,'2016-10-10 19:31:39'),(348,'admin','admin','[类名]:com.mrbt.insurance.admin.controller.ResourceController,[方法]:add,[参数]:name=添加公司&resourcetype=1&url=&seq=0&icon=icon-add&status=0&pid=230&','192.168.1.170','2016-10-10 19:32:12'),(349,'admin','admin','[类名]:com.mrbt.insurance.admin.controller.ResourceController,[方法]:addPage,[参数]:',NULL,'2016-10-10 19:35:18'),(350,'admin','admin','[类名]:com.mrbt.insurance.admin.controller.LoginController,[方法]:login,[参数]:',NULL,'2016-10-11 14:18:17'),(351,'admin','admin','[类名]:com.mrbt.insurance.admin.controller.LoginController,[方法]:loginPost,[参数]:username=admin&password=123456&','192.168.1.170','2016-10-11 14:18:25'),(352,'admin','admin','[类名]:com.mrbt.insurance.admin.controller.ResourceController,[方法]:editPage,[参数]:id=230&_=1476166728344&','192.168.1.170','2016-10-11 14:19:03'),(353,'admin','admin','[类名]:com.mrbt.insurance.admin.controller.ResourceController,[方法]:edit,[参数]:id=230&name=功能测试&resourcetype=0&url=/webset/manager&seq=0&icon=icon-list&status=0&pid=222&','192.168.1.170','2016-10-11 14:19:07'),(354,'admin','admin','[类名]:com.mrbt.insurance.admin.controller.ResourceController,[方法]:editPage,[参数]:id=230&_=1476166772406&','192.168.1.170','2016-10-11 14:19:34'),(355,'admin','admin','[类名]:com.mrbt.insurance.admin.controller.ResourceController,[方法]:edit,[参数]:id=230&name=功能测试&resourcetype=0&url=/company/manager&seq=0&icon=icon-list&status=0&pid=222&','192.168.1.170','2016-10-11 14:19:56'),(356,'admin','admin','[类名]:com.mrbt.insurance.admin.controller.ResourceController,[方法]:editPage,[参数]:id=231&_=1476166772407&','192.168.1.170','2016-10-11 14:19:58'),(357,'admin','admin','[类名]:com.mrbt.insurance.admin.controller.ResourceController,[方法]:edit,[参数]:id=231&name=添加公司&resourcetype=1&url=/company/add&seq=0&icon=icon-add&status=0&pid=230&','192.168.1.170','2016-10-11 14:20:04'),(358,'admin','admin','[类名]:com.mrbt.insurance.admin.controller.LoginController,[方法]:login,[参数]:',NULL,'2016-10-11 17:14:58'),(359,'admin','admin','[类名]:com.mrbt.insurance.admin.controller.LoginController,[方法]:login,[参数]:',NULL,'2016-10-11 17:15:00'),(360,'admin','admin','[类名]:com.mrbt.insurance.admin.controller.LoginController,[方法]:login,[参数]:',NULL,'2016-10-11 17:15:03'),(361,'admin','admin','[类名]:com.mrbt.insurance.admin.controller.LoginController,[方法]:login,[参数]:',NULL,'2016-10-11 17:15:09'),(362,'admin','admin','[类名]:com.mrbt.insurance.admin.controller.LoginController,[方法]:login,[参数]:',NULL,'2016-10-12 16:49:58'),(363,'admin','admin','[类名]:com.mrbt.insurance.admin.controller.LoginController,[方法]:logout,[参数]:',NULL,'2016-10-12 17:16:55'),(364,'admin','admin','[类名]:com.mrbt.insurance.admin.controller.LoginController,[方法]:login,[参数]:',NULL,'2016-10-12 17:22:39'),(365,'admin','admin','[类名]:com.mrbt.insurance.admin.controller.LoginController,[方法]:loginPost,[参数]:username=admin&password=123456&','192.168.1.170','2016-10-12 17:22:45'),(366,'admin','admin','[类名]:com.mrbt.insurance.admin.controller.LoginController,[方法]:loginPost,[参数]:username=admin&password=123456&','192.168.1.170','2016-10-12 17:51:08'),(367,'admin','admin','[类名]:com.mrbt.insurance.admin.controller.LoginController,[方法]:login,[参数]:',NULL,'2016-10-12 17:52:44'),(368,'admin','admin','[类名]:com.mrbt.insurance.admin.controller.LoginController,[方法]:loginPost,[参数]:username=admin&password=123456&','192.168.1.170','2016-10-12 17:52:49'),(369,'admin','admin','[类名]:com.mrbt.insurance.admin.controller.LoginController,[方法]:login,[参数]:',NULL,'2016-10-13 12:15:25'),(370,'admin','admin','[类名]:com.mrbt.insurance.admin.controller.LoginController,[方法]:loginPost,[参数]:username=admin&password=123456.&','192.168.1.170','2016-10-13 12:15:31'),(371,'admin','admin','[类名]:com.mrbt.insurance.admin.controller.LoginController,[方法]:loginPost,[参数]:username=admin&password=123456&','192.168.1.170','2016-10-13 12:15:36'),(372,'admin','admin','[类名]:com.mrbt.insurance.admin.controller.ResourceController,[方法]:addPage,[参数]:',NULL,'2016-10-13 16:33:04'),(373,'admin','admin','[类名]:com.mrbt.insurance.admin.controller.OrganizationController,[方法]:addPage,[参数]:',NULL,'2016-10-13 16:47:00'),(374,'admin','admin','[类名]:com.mrbt.insurance.webset.controller.CompanyController,[方法]:addPage,[参数]:null','192.168.1.170','2016-10-13 16:53:55'),(375,'admin','admin','[类名]:com.mrbt.insurance.webset.controller.CompanyController,[方法]:addPage,[参数]:null','192.168.1.170','2016-10-13 16:54:11'),(376,'admin','admin','[类名]:com.mrbt.insurance.webset.controller.CompanyController,[方法]:addPage,[参数]:_=1476348880454&','192.168.1.170','2016-10-13 16:54:19'),(377,'admin','admin','[类名]:com.mrbt.insurance.admin.controller.ResourceController,[方法]:editPage,[参数]:id=231&_=1476350821605&','192.168.1.170','2016-10-13 17:27:06'),(378,'admin','admin','[类名]:com.mrbt.insurance.admin.controller.RoleController,[方法]:grantPage,[参数]:id=1&_=1476350821606&','192.168.1.170','2016-10-13 17:27:25'),(379,'admin','admin','[类名]:com.mrbt.insurance.admin.controller.RoleController,[方法]:grant,[参数]:id=1&resourceIds=1,11,111,112,113,114,12,121,122,123,124,125,13,131,132,133,134,14,141,142,143,144,222,230,231,221&','192.168.1.170','2016-10-13 17:27:32'),(380,'admin','admin','[类名]:com.mrbt.insurance.webset.controller.CompanyController,[方法]:addPage,[参数]:_=1476350884287&','192.168.1.170','2016-10-13 17:27:42'),(381,'admin','admin','[类名]:com.mrbt.insurance.webset.controller.CompanyController,[方法]:addPage,[参数]:_=1476350884288&','192.168.1.170','2016-10-13 17:27:54'),(382,'admin','admin','[类名]:com.mrbt.insurance.webset.controller.CompanyController,[方法]:addPage,[参数]:_=1476350884289&','192.168.1.170','2016-10-13 17:28:17'),(383,'admin','admin','[类名]:com.mrbt.insurance.webset.controller.CompanyController,[方法]:addPage,[参数]:_=1476351885637&','192.168.1.170','2016-10-13 17:44:23'),(384,'admin','admin','[类名]:com.mrbt.insurance.webset.controller.CompanyController,[方法]:addPage,[参数]:_=1476351916020&','192.168.1.170','2016-10-13 17:44:53'),(385,'admin','admin','[类名]:com.mrbt.insurance.webset.controller.CompanyController,[方法]:addPage,[参数]:_=1476351920651&','192.168.1.170','2016-10-13 17:44:58'),(386,'admin','admin','[类名]:com.mrbt.insurance.webset.controller.CompanyController,[方法]:addPage,[参数]:_=1476352087094&','192.168.1.170','2016-10-13 17:47:44'),(387,'admin','admin','[类名]:com.mrbt.insurance.webset.controller.CompanyController,[方法]:addPage,[参数]:_=1476352101606&','192.168.1.170','2016-10-13 17:47:59'),(388,'admin','admin','[类名]:com.mrbt.insurance.webset.controller.CompanyController,[方法]:addPage,[参数]:_=1476352113065&','192.168.1.170','2016-10-13 17:48:11'),(389,'admin','admin','[类名]:com.mrbt.insurance.webset.controller.CompanyController,[方法]:addPage,[参数]:_=1476352121860&','192.168.1.170','2016-10-13 17:48:19'),(390,'admin','admin','[类名]:com.mrbt.insurance.webset.controller.CompanyController,[方法]:addPage,[参数]:_=1476352134705&','192.168.1.170','2016-10-13 17:48:32'),(391,'admin','admin','[类名]:com.mrbt.insurance.webset.controller.CompanyController,[方法]:addPage,[参数]:_=1476352142689&','192.168.1.170','2016-10-13 17:48:39'),(392,'admin','admin','[类名]:com.mrbt.insurance.webset.controller.CompanyController,[方法]:addPage,[参数]:_=1476352193598&','192.168.1.170','2016-10-13 17:49:31'),(393,'admin','admin','[类名]:com.mrbt.insurance.webset.controller.CompanyController,[方法]:addPage,[参数]:_=1476352271539&','192.168.1.170','2016-10-13 17:50:49'),(394,'admin','admin','[类名]:com.mrbt.insurance.webset.controller.CompanyController,[方法]:addPage,[参数]:_=1476352281433&','192.168.1.170','2016-10-13 17:50:59'),(395,'admin','admin','[类名]:com.mrbt.insurance.webset.controller.CompanyController,[方法]:addPage,[参数]:_=1476352346978&','192.168.1.170','2016-10-13 17:52:05'),(396,'admin','admin','[类名]:com.mrbt.insurance.webset.controller.CompanyController,[方法]:addPage,[参数]:_=1476352469752&','192.168.1.170','2016-10-13 17:54:08'),(397,'admin','admin','[类名]:com.mrbt.insurance.admin.controller.LoginController,[方法]:login,[参数]:',NULL,'2016-10-13 19:02:23'),(398,'admin','admin','[类名]:com.mrbt.insurance.webset.controller.CompanyController,[方法]:addPage,[参数]:_=1476356573687&','192.168.1.170','2016-10-13 19:02:38'),(399,'admin','admin','[类名]:com.mrbt.insurance.webset.controller.CompanyController,[方法]:addPage,[参数]:_=1476356631096&','192.168.1.170','2016-10-13 19:03:35'),(400,'admin','admin','[类名]:com.mrbt.insurance.admin.controller.ResourceController,[方法]:addPage,[参数]:',NULL,'2016-10-13 19:04:55'),(401,'admin','admin','[类名]:com.mrbt.insurance.webset.controller.CompanyController,[方法]:addPage,[参数]:_=1476356728631&','192.168.1.170','2016-10-13 19:05:06'),(402,'admin','admin','[类名]:com.mrbt.insurance.webset.controller.CompanyController,[方法]:addPage,[参数]:_=1476356744442&','192.168.1.170','2016-10-13 19:05:22'),(403,'admin','admin','[类名]:com.mrbt.insurance.admin.controller.LoginController,[方法]:login,[参数]:',NULL,'2016-10-13 19:09:44'),(404,'admin','admin','[类名]:com.mrbt.insurance.admin.controller.LoginController,[方法]:loginPost,[参数]:username=admin&password=123456&','192.168.1.170','2016-10-13 19:09:49'),(405,'admin','admin','[类名]:com.mrbt.insurance.webset.controller.CompanyController,[方法]:addPage,[参数]:_=1476357019018&','192.168.1.170','2016-10-13 19:09:57'),(406,'admin','admin','[类名]:com.mrbt.insurance.webset.controller.CompanyController,[方法]:addPage,[参数]:_=1476357107764&','192.168.1.170','2016-10-13 19:11:26'),(407,'admin','admin','[类名]:com.mrbt.insurance.webset.controller.CompanyController,[方法]:addPage,[参数]:_=1476357449125&','192.168.1.170','2016-10-13 19:17:07'),(408,'admin','admin','[类名]:com.mrbt.insurance.webset.controller.CompanyController,[方法]:addPage,[参数]:_=1476357464597&','192.168.1.170','2016-10-13 19:17:23'),(409,'admin','admin','[类名]:com.mrbt.insurance.webset.controller.CompanyController,[方法]:addPage,[参数]:_=1476357563322&','192.168.1.170','2016-10-13 19:19:01'),(410,'admin','admin','[类名]:com.mrbt.insurance.webset.controller.CompanyController,[方法]:addPage,[参数]:_=1476357679423&','192.168.1.170','2016-10-13 19:20:57'),(411,'admin','admin','[类名]:com.mrbt.insurance.webset.controller.CompanyController,[方法]:addPage,[参数]:_=1476357863691&','192.168.1.170','2016-10-13 19:24:02'),(412,'admin','admin','[类名]:com.mrbt.insurance.webset.controller.CompanyController,[方法]:addPage,[参数]:_=1476358101145&','192.168.1.170','2016-10-13 19:27:59'),(413,'admin','admin','[类名]:com.mrbt.insurance.webset.controller.CompanyController,[方法]:addPage,[参数]:_=1476358164679&','192.168.1.170','2016-10-13 19:29:03'),(414,'admin','admin','[类名]:com.mrbt.insurance.webset.controller.CompanyController,[方法]:addPage,[参数]:_=1476358320806&','192.168.1.170','2016-10-13 19:31:50'),(415,'admin','admin','[类名]:com.mrbt.insurance.webset.controller.CompanyController,[方法]:addPage,[参数]:_=1476358320813&','192.168.1.170','2016-10-13 19:32:28'),(416,'admin','admin','[类名]:com.mrbt.insurance.webset.controller.CompanyController,[方法]:addPage,[参数]:_=1476358426318&','192.168.1.170','2016-10-13 19:33:25'),(417,'admin','admin','[类名]:com.mrbt.insurance.webset.controller.CompanyController,[方法]:addPage,[参数]:_=1476358477757&','192.168.1.170','2016-10-13 19:34:18'),(418,'admin','admin','[类名]:com.mrbt.insurance.webset.controller.CompanyController,[方法]:addPage,[参数]:_=1476358491303&','192.168.1.170','2016-10-13 19:34:31'),(419,'admin','admin','[类名]:com.mrbt.insurance.webset.controller.CompanyController,[方法]:addPage,[参数]:_=1476358519620&','192.168.1.170','2016-10-13 19:35:04'),(420,'admin','admin','[类名]:com.mrbt.insurance.webset.controller.CompanyController,[方法]:addPage,[参数]:_=1476358676411&','192.168.1.170','2016-10-13 19:37:34'),(421,'admin','admin','[类名]:com.mrbt.insurance.webset.controller.CompanyController,[方法]:addPage,[参数]:_=1476358685893&','192.168.1.170','2016-10-13 19:37:44'),(422,'admin','admin','[类名]:com.mrbt.insurance.webset.controller.CompanyController,[方法]:addPage,[参数]:_=1476358757072&','192.168.1.170','2016-10-13 19:38:57'),(423,'admin','admin','[类名]:com.mrbt.insurance.webset.controller.CompanyController,[方法]:addPage,[参数]:_=1476358769298&','192.168.1.170','2016-10-13 19:39:09'),(424,'admin','admin','[类名]:com.mrbt.insurance.webset.controller.CompanyController,[方法]:addPage,[参数]:_=1476358796175&','192.168.1.170','2016-10-13 19:39:41'),(425,'admin','admin','[类名]:com.mrbt.insurance.webset.controller.CompanyController,[方法]:addPage,[参数]:_=1476359348852&','192.168.1.170','2016-10-13 19:48:50'),(426,'admin','admin','[类名]:com.mrbt.insurance.webset.controller.CompanyController,[方法]:addPage,[参数]:_=1476359383657&','192.168.1.170','2016-10-13 19:49:24'),(427,'admin','admin','[类名]:com.mrbt.insurance.webset.controller.CompanyController,[方法]:addPage,[参数]:_=1476359419249&','192.168.1.170','2016-10-13 19:49:58'),(428,'admin','admin','[类名]:com.mrbt.insurance.webset.controller.CompanyController,[方法]:addPage,[参数]:_=1476359840616&','192.168.1.170','2016-10-13 19:57:00'),(429,'admin','admin','[类名]:com.mrbt.insurance.webset.controller.CompanyController,[方法]:addPage,[参数]:_=1476359980111&','192.168.1.170','2016-10-13 19:59:19'),(430,'admin','admin','[类名]:com.mrbt.insurance.webset.controller.CompanyController,[方法]:addPage,[参数]:_=1476360028069&','192.168.1.170','2016-10-13 20:00:08'),(431,'admin','admin','[类名]:com.mrbt.insurance.webset.controller.CompanyController,[方法]:addPage,[参数]:_=1476361042932&','192.168.1.170','2016-10-13 20:17:04'),(432,'admin','admin','[类名]:com.mrbt.insurance.webset.controller.CompanyController,[方法]:addPage,[参数]:_=1476361080852&','192.168.1.170','2016-10-13 20:17:39'),(433,'admin','admin','[类名]:com.mrbt.insurance.webset.controller.CompanyController,[方法]:addPage,[参数]:_=1476361116755&','192.168.1.170','2016-10-13 20:18:16'),(434,'admin','admin','[类名]:com.mrbt.insurance.webset.controller.CompanyController,[方法]:addPage,[参数]:_=1476361198645&','192.168.1.170','2016-10-13 20:19:37'),(435,'admin','admin','[类名]:com.mrbt.insurance.webset.controller.CompanyController,[方法]:addPage,[参数]:_=1476361285478&','192.168.1.170','2016-10-13 20:21:06'),(436,'admin','admin','[类名]:com.mrbt.insurance.webset.controller.CompanyController,[方法]:addPage,[参数]:_=1476361420195&','192.168.1.170','2016-10-13 20:23:23'),(437,'admin','admin','[类名]:com.mrbt.insurance.webset.controller.CompanyController,[方法]:addPage,[参数]:_=1476361504572&','192.168.1.170','2016-10-13 20:24:44'),(438,'admin','admin','[类名]:com.mrbt.insurance.webset.controller.CompanyController,[方法]:addPage,[参数]:_=1476361640389&','192.168.1.170','2016-10-13 20:27:05'),(439,'admin','admin','[类名]:com.mrbt.insurance.webset.controller.CompanyController,[方法]:addPage,[参数]:_=1476424959465&','192.168.1.170','2016-10-14 14:02:20'),(440,'admin','admin','[类名]:com.mrbt.insurance.webset.controller.CompanyController,[方法]:addPage,[参数]:_=1476425299072&','192.168.1.170','2016-10-14 14:07:59'),(441,'admin','admin','[类名]:com.mrbt.insurance.webset.controller.CompanyController,[方法]:addPage,[参数]:_=1476425582914&','192.168.1.170','2016-10-14 14:12:42'),(442,'admin','admin','[类名]:com.mrbt.insurance.webset.controller.CompanyController,[方法]:addPage,[参数]:_=1476425592805&','192.168.1.170','2016-10-14 14:12:52'),(443,'admin','admin','[类名]:com.mrbt.insurance.webset.controller.CompanyController,[方法]:addPage,[参数]:_=1476425645384&','192.168.1.170','2016-10-14 14:13:48'),(444,'admin','admin','[类名]:com.mrbt.insurance.webset.controller.CompanyController,[方法]:addPage,[参数]:_=1476425714632&','192.168.1.170','2016-10-14 14:14:58'),(445,'admin','admin','[类名]:com.mrbt.insurance.webset.controller.CompanyController,[方法]:addPage,[参数]:_=1476425731359&','192.168.1.170','2016-10-14 14:15:11'),(446,'admin','admin','[类名]:com.mrbt.insurance.webset.controller.CompanyController,[方法]:addPage,[参数]:_=1476425881434&','192.168.1.170','2016-10-14 14:17:41'),(447,'admin','admin','[类名]:com.mrbt.insurance.webset.controller.CompanyController,[方法]:addPage,[参数]:_=1476425908111&','192.168.1.170','2016-10-14 14:18:07'),(448,'admin','admin','[类名]:com.mrbt.insurance.webset.controller.CompanyController,[方法]:addPage,[参数]:_=1476425922113&','192.168.1.170','2016-10-14 14:18:21'),(449,'admin','admin','[类名]:com.mrbt.insurance.webset.controller.CompanyController,[方法]:addPage,[参数]:_=1476425931244&','192.168.1.170','2016-10-14 14:18:31'),(450,'admin','admin','[类名]:com.mrbt.insurance.admin.controller.LoginController,[方法]:login,[参数]:',NULL,'2016-10-14 15:03:36'),(451,'admin','admin','[类名]:com.mrbt.insurance.admin.controller.LoginController,[方法]:login,[参数]:',NULL,'2016-10-14 15:03:36'),(452,'admin','admin','[类名]:com.mrbt.insurance.admin.controller.LoginController,[方法]:login,[参数]:',NULL,'2016-10-14 15:03:36'),(453,'admin','admin','[类名]:com.mrbt.insurance.admin.controller.LoginController,[方法]:login,[参数]:',NULL,'2016-10-14 15:03:36'),(454,'admin','admin','[类名]:com.mrbt.insurance.admin.controller.LoginController,[方法]:login,[参数]:',NULL,'2016-10-14 15:03:36'),(455,'admin','admin','[类名]:com.mrbt.insurance.admin.controller.LoginController,[方法]:login,[参数]:',NULL,'2016-10-14 15:03:37'),(456,'admin','admin','[类名]:com.mrbt.insurance.admin.controller.LoginController,[方法]:loginPost,[参数]:username=admin&password=123456&','192.168.1.170','2016-10-14 15:03:44'),(457,'admin','admin','[类名]:com.mrbt.insurance.webset.controller.CompanyController,[方法]:addPage,[参数]:_=1476428648179&','192.168.1.170','2016-10-14 15:03:51'),(458,'admin','admin','[类名]:com.mrbt.insurance.webset.controller.CompanyController,[方法]:addPage,[参数]:_=1476428848441&','192.168.1.170','2016-10-14 15:07:08'),(459,'admin','admin','[类名]:com.mrbt.insurance.webset.controller.CompanyController,[方法]:addPage,[参数]:_=1476428946259&','192.168.1.170','2016-10-14 15:08:46'),(460,'admin','admin','[类名]:com.mrbt.insurance.webset.controller.CompanyController,[方法]:addPage,[参数]:_=1476428973341&','192.168.1.170','2016-10-14 15:09:34'),(461,'admin','admin','[类名]:com.mrbt.insurance.webset.controller.CompanyController,[方法]:addPage,[参数]:_=1476429034812&','192.168.1.170','2016-10-14 15:10:14'),(462,'admin','admin','[类名]:com.mrbt.insurance.webset.controller.CompanyController,[方法]:addPage,[参数]:_=1476429068400&','192.168.1.170','2016-10-14 15:10:49'),(463,'admin','admin','[类名]:com.mrbt.insurance.webset.controller.CompanyController,[方法]:addPage,[参数]:_=1476429088349&','192.168.1.170','2016-10-14 15:11:10'),(464,'admin','admin','[类名]:com.mrbt.insurance.webset.controller.CompanyController,[方法]:addPage,[参数]:_=1476429117034&','192.168.1.170','2016-10-14 15:11:37'),(465,'admin','admin','[类名]:com.mrbt.insurance.webset.controller.CompanyController,[方法]:addPage,[参数]:_=1476429134397&','192.168.1.170','2016-10-14 15:11:56'),(466,'admin','admin','[类名]:com.mrbt.insurance.webset.controller.CompanyController,[方法]:addPage,[参数]:_=1476429168193&','192.168.1.170','2016-10-14 15:12:28'),(467,'admin','admin','[类名]:com.mrbt.insurance.webset.controller.CompanyController,[方法]:addPage,[参数]:_=1476429187578&','192.168.1.170','2016-10-14 15:12:47'),(468,'admin','admin','[类名]:com.mrbt.insurance.webset.controller.CompanyController,[方法]:addPage,[参数]:_=1476429198137&','192.168.1.170','2016-10-14 15:12:57'),(469,'admin','admin','[类名]:com.mrbt.insurance.webset.controller.CompanyController,[方法]:addPage,[参数]:_=1476429344755&','192.168.1.170','2016-10-14 15:15:25'),(470,'admin','admin','[类名]:com.mrbt.insurance.webset.controller.CompanyController,[方法]:addPage,[参数]:_=1476429414195&','192.168.1.170','2016-10-14 15:16:35'),(471,'admin','admin','[类名]:com.mrbt.insurance.webset.controller.CompanyController,[方法]:addPage,[参数]:_=1476429445699&','192.168.1.170','2016-10-14 15:17:05'),(472,'admin','admin','[类名]:com.mrbt.insurance.webset.controller.CompanyController,[方法]:addPage,[参数]:_=1476429458481&','192.168.1.170','2016-10-14 15:17:19'),(473,'admin','admin','[类名]:com.mrbt.insurance.webset.controller.CompanyController,[方法]:addPage,[参数]:_=1476429483091&','192.168.1.170','2016-10-14 15:17:47'),(474,'admin','admin','[类名]:com.mrbt.insurance.webset.controller.CompanyController,[方法]:addPage,[参数]:_=1476429535030&','192.168.1.170','2016-10-14 15:18:35'),(475,'admin','admin','[类名]:com.mrbt.insurance.webset.controller.CompanyController,[方法]:addPage,[参数]:_=1476429565699&','192.168.1.170','2016-10-14 15:19:06'),(476,'admin','admin','[类名]:com.mrbt.insurance.webset.controller.CompanyController,[方法]:addPage,[参数]:_=1476429600213&','192.168.1.170','2016-10-14 15:19:41'),(477,'admin','admin','[类名]:com.mrbt.insurance.webset.controller.CompanyController,[方法]:addPage,[参数]:_=1476429614476&','192.168.1.170','2016-10-14 15:19:54'),(478,'admin','admin','[类名]:com.mrbt.insurance.webset.controller.CompanyController,[方法]:addPage,[参数]:_=1476429623597&','192.168.1.170','2016-10-14 15:20:04'),(479,'admin','admin','[类名]:com.mrbt.insurance.webset.controller.CompanyController,[方法]:addPage,[参数]:_=1476429634156&','192.168.1.170','2016-10-14 15:20:14'),(480,'admin','admin','[类名]:com.mrbt.insurance.webset.controller.CompanyController,[方法]:addPage,[参数]:_=1476429644685&','192.168.1.170','2016-10-14 15:20:24'),(481,'admin','admin','[类名]:com.mrbt.insurance.webset.controller.CompanyController,[方法]:addPage,[参数]:_=1476431072193&','192.168.1.170','2016-10-14 15:44:14'),(482,'admin','admin','[类名]:com.mrbt.insurance.webset.controller.CompanyController,[方法]:addPage,[参数]:_=1476431109849&','192.168.1.170','2016-10-14 15:44:51'),(483,'admin','admin','[类名]:com.mrbt.insurance.webset.controller.CompanyController,[方法]:addPage,[参数]:_=1476431125252&','192.168.1.170','2016-10-14 15:45:04'),(484,'admin','admin','[类名]:com.mrbt.insurance.webset.controller.CompanyController,[方法]:addPage,[参数]:_=1476434341750&','192.168.1.170','2016-10-14 16:39:05'),(485,'admin','admin','[类名]:com.mrbt.insurance.webset.controller.CompanyController,[方法]:addPage,[参数]:_=1476434393946&','192.168.1.170','2016-10-14 16:39:34'),(486,'admin','admin','[类名]:com.mrbt.insurance.webset.controller.CompanyController,[方法]:addPage,[参数]:_=1476434481766&','192.168.1.170','2016-10-14 16:41:01'),(487,'admin','admin','[类名]:com.mrbt.insurance.webset.controller.CompanyController,[方法]:addPage,[参数]:_=1476434493867&','192.168.1.170','2016-10-14 16:41:16'),(488,'admin','admin','[类名]:com.mrbt.insurance.webset.controller.CompanyController,[方法]:addPage,[参数]:_=1476434520055&','192.168.1.170','2016-10-14 16:41:41'),(489,'admin','admin','[类名]:com.mrbt.insurance.webset.controller.CompanyController,[方法]:addPage,[参数]:_=1476434540481&','192.168.1.170','2016-10-14 16:42:00'),(490,'admin','admin','[类名]:com.mrbt.insurance.webset.controller.CompanyController,[方法]:addPage,[参数]:_=1476434595567&','192.168.1.170','2016-10-14 16:42:57'),(491,'admin','admin','[类名]:com.mrbt.insurance.webset.controller.CompanyController,[方法]:addPage,[参数]:_=1476434629277&','192.168.1.170','2016-10-14 16:43:29'),(492,'admin','admin','[类名]:com.mrbt.insurance.webset.controller.CompanyController,[方法]:addPage,[参数]:_=1476434660959&','192.168.1.170','2016-10-14 16:44:00'),(493,'admin','admin','[类名]:com.mrbt.insurance.webset.controller.CompanyController,[方法]:addPage,[参数]:_=1476434670745&','192.168.1.170','2016-10-14 16:44:10'),(494,'admin','admin','[类名]:com.mrbt.insurance.webset.controller.CompanyController,[方法]:addPage,[参数]:_=1476434726291&','192.168.1.170','2016-10-14 16:45:08'),(495,'admin','admin','[类名]:com.mrbt.insurance.webset.controller.CompanyController,[方法]:addPage,[参数]:_=1476434897409&','192.168.1.170','2016-10-14 16:47:56'),(496,'admin','admin','[类名]:com.mrbt.insurance.webset.controller.CompanyController,[方法]:addPage,[参数]:_=1476434944160&','192.168.1.170','2016-10-14 16:48:43'),(497,'admin','admin','[类名]:com.mrbt.insurance.webset.controller.CompanyController,[方法]:addPage,[参数]:_=1476435032221&','192.168.1.170','2016-10-14 16:50:20'),(498,'admin','admin','[类名]:com.mrbt.insurance.webset.controller.CompanyController,[方法]:addPage,[参数]:_=1476435123962&','192.168.1.170','2016-10-14 16:51:44'),(499,'admin','admin','[类名]:com.mrbt.insurance.webset.controller.CompanyController,[方法]:addPage,[参数]:_=1476435164484&','192.168.1.170','2016-10-14 16:52:27'),(500,'admin','admin','[类名]:com.mrbt.insurance.webset.controller.CompanyController,[方法]:addPage,[参数]:_=1476435487574&','192.168.1.170','2016-10-14 16:57:46'),(501,'admin','admin','[类名]:com.mrbt.insurance.webset.controller.CompanyController,[方法]:addPage,[参数]:_=1476435521891&','192.168.1.170','2016-10-14 16:58:22'),(502,'admin','admin','[类名]:com.mrbt.insurance.webset.controller.CompanyController,[方法]:addPage,[参数]:_=1476435881852&','192.168.1.170','2016-10-14 17:04:21'),(503,'admin','admin','[类名]:com.mrbt.insurance.webset.controller.CompanyController,[方法]:addPage,[参数]:_=1476435881854&','192.168.1.170','2016-10-14 17:04:55'),(504,'admin','admin','[类名]:com.mrbt.insurance.webset.controller.CompanyController,[方法]:addPage,[参数]:_=1476436061991&','192.168.1.170','2016-10-14 17:07:26'),(505,'admin','admin','[类名]:com.mrbt.insurance.webset.controller.CompanyController,[方法]:addPage,[参数]:_=1476436061993&','192.168.1.170','2016-10-14 17:07:43'),(506,'admin','admin','[类名]:com.mrbt.insurance.webset.controller.CompanyController,[方法]:addPage,[参数]:_=1476436262022&','192.168.1.170','2016-10-14 17:10:42'),(507,'admin','admin','[类名]:com.mrbt.insurance.admin.controller.UserController,[方法]:addPage,[参数]:',NULL,'2016-10-14 17:13:04'),(508,'admin','admin','[类名]:com.mrbt.insurance.admin.controller.UserController,[方法]:addPage,[参数]:',NULL,'2016-10-14 17:13:47'),(509,'admin','admin','[类名]:com.mrbt.insurance.webset.controller.CompanyController,[方法]:addPage,[参数]:_=1476436615451&','192.168.1.170','2016-10-14 17:16:35'),(510,'admin','admin','[类名]:com.mrbt.insurance.webset.controller.CompanyController,[方法]:addPage,[参数]:_=1476436645941&','192.168.1.170','2016-10-14 17:17:06'),(511,'admin','admin','[类名]:com.mrbt.insurance.webset.controller.CompanyController,[方法]:addPage,[参数]:_=1476436708970&','192.168.1.170','2016-10-14 17:18:08'),(512,'admin','admin','[类名]:com.mrbt.insurance.webset.controller.CompanyController,[方法]:addPage,[参数]:_=1476437066285&','192.168.1.170','2016-10-14 17:24:08'),(513,'admin','admin','[类名]:com.mrbt.insurance.webset.controller.CompanyController,[方法]:addPage,[参数]:_=1476437171844&','192.168.1.170','2016-10-14 17:45:28'),(514,'admin','admin','[类名]:com.mrbt.insurance.webset.controller.CompanyController,[方法]:addPage,[参数]:_=1476438378653&','192.168.1.170','2016-10-14 17:46:03'),(515,'admin','admin','[类名]:com.mrbt.insurance.webset.controller.CompanyController,[方法]:addPage,[参数]:_=1476438492398&','192.168.1.170','2016-10-14 17:47:51'),(516,'admin','admin','[类名]:com.mrbt.insurance.webset.controller.CompanyController,[方法]:add,[参数]:cname=&myfiles=&editor1=<p>This is my textarea to be replaced with CKEditor.</p>\r\n&','192.168.1.170','2016-10-14 17:47:53'),(517,'admin','admin','[类名]:com.mrbt.insurance.webset.controller.CompanyController,[方法]:addPage,[参数]:_=1476438610556&','192.168.1.170','2016-10-14 17:49:50'),(518,'admin','admin','[类名]:com.mrbt.insurance.webset.controller.CompanyController,[方法]:add,[参数]:cname=&myfiles=&editor1=<p>This is my textarea to be replaced with CKEditor.</p>\r\n&','192.168.1.170','2016-10-14 17:49:51'),(519,'admin','admin','[类名]:com.mrbt.insurance.webset.controller.CompanyController,[方法]:addPage,[参数]:_=1476438636503&','192.168.1.170','2016-10-14 17:50:15'),(520,'admin','admin','[类名]:com.mrbt.insurance.webset.controller.CompanyController,[方法]:add,[参数]:cname=&myfiles=&editor1=<p>This is my textarea to be replaced with CKEditor.</p>\r\n&','192.168.1.170','2016-10-14 17:50:17'),(521,'admin','admin','[类名]:com.mrbt.insurance.webset.controller.CompanyController,[方法]:addPage,[参数]:_=1476438784528&','192.168.1.170','2016-10-14 17:52:44'),(522,'admin','admin','[类名]:com.mrbt.insurance.webset.controller.CompanyController,[方法]:add,[参数]:cname=&myfiles=&editor1=<p>This is my textarea to be replaced with CKEditor.</p>\r\n&','192.168.1.170','2016-10-14 17:52:45'),(523,'admin','admin','[类名]:com.mrbt.insurance.webset.controller.CompanyController,[方法]:addPage,[参数]:_=1476438923720&','192.168.1.170','2016-10-14 17:55:03'),(524,'admin','admin','[类名]:com.mrbt.insurance.webset.controller.CompanyController,[方法]:add,[参数]:cname=&myfiles=&editor1=<p>This is my textarea to be replaced with CKEditor.</p>\r\n&','192.168.1.170','2016-10-14 17:55:03'),(525,'admin','admin','[类名]:com.mrbt.insurance.webset.controller.CompanyController,[方法]:addPage,[参数]:_=1476439113974&','192.168.1.170','2016-10-14 17:58:14'),(526,'admin','admin','[类名]:com.mrbt.insurance.webset.controller.CompanyController,[方法]:add,[参数]:cname=&myfiles=&editor1=<p>This is my textarea to be replaced with CKEditor.</p>\r\n&','192.168.1.170','2016-10-14 17:58:15'),(527,'admin','admin','[类名]:com.mrbt.insurance.webset.controller.CompanyController,[方法]:addPage,[参数]:_=1476439199859&','192.168.1.170','2016-10-14 17:59:38'),(528,'admin','admin','[类名]:com.mrbt.insurance.webset.controller.CompanyController,[方法]:add,[参数]:cname=&myfiles=&editor1=<p>This is my textarea to be replaced with CKEditor.</p>\r\n&','192.168.1.170','2016-10-14 17:59:41'),(529,'admin','admin','[类名]:com.mrbt.insurance.webset.controller.CompanyController,[方法]:addPage,[参数]:_=1476439218569&','192.168.1.170','2016-10-14 17:59:59'),(530,'admin','admin','[类名]:com.mrbt.insurance.webset.controller.CompanyController,[方法]:add,[参数]:cname=&myfiles=&editor1=<p>This is my textarea to be replaced with CKEditor.</p>\r\n&','192.168.1.170','2016-10-14 18:00:01'),(531,'admin','admin','[类名]:com.mrbt.insurance.webset.controller.CompanyController,[方法]:addPage,[参数]:_=1476439277976&','192.168.1.170','2016-10-14 18:00:59'),(532,'admin','admin','[类名]:com.mrbt.insurance.webset.controller.CompanyController,[方法]:add,[参数]:cname=&myfiles=&editor1=<p>This is my textarea to be replaced with CKEditor.</p>\r\n&','192.168.1.170','2016-10-14 18:01:01'),(533,'admin','admin','[类名]:com.mrbt.insurance.webset.controller.CompanyController,[方法]:addPage,[参数]:_=1476439772995&','192.168.1.170','2016-10-14 18:09:15'),(534,'admin','admin','[类名]:com.mrbt.insurance.webset.controller.CompanyController,[方法]:add,[参数]:cname=&myfiles=&editor1=<p>This is my textarea to be replaced with CKEditor.</p>\r\n&','192.168.1.170','2016-10-14 18:09:16'),(535,'admin','admin','[类名]:com.mrbt.insurance.webset.controller.CompanyController,[方法]:addPage,[参数]:_=1476440077789&','192.168.1.170','2016-10-14 18:14:17'),(536,'admin','admin','[类名]:com.mrbt.insurance.webset.controller.CompanyController,[方法]:add,[参数]:cname=&myfiles=&editor1=<p>This is my textarea to be replaced with CKEditor.</p>\r\n&','192.168.1.170','2016-10-14 18:14:18'),(537,'admin','admin','[类名]:com.mrbt.insurance.webset.controller.CompanyController,[方法]:addPage,[参数]:_=1476440116825&','192.168.1.170','2016-10-14 18:15:12'),(538,'admin','admin','[类名]:com.mrbt.insurance.webset.controller.CompanyController,[方法]:add,[参数]:cname=&myfiles=&editor1=<p>This is my textarea to be replaced with CKEditor.</p>\r\n&','192.168.1.170','2016-10-14 18:15:15'),(539,'admin','admin','[类名]:com.mrbt.insurance.webset.controller.CompanyController,[方法]:addPage,[参数]:_=1476688761475&','192.168.1.170','2016-10-17 15:19:09'),(540,'admin','admin','[类名]:com.mrbt.insurance.admin.controller.ResourceController,[方法]:editPage,[参数]:id=230&_=1476691268096&','192.168.1.170','2016-10-17 16:00:51'),(541,'admin','admin','[类名]:com.mrbt.insurance.admin.controller.RoleController,[方法]:addPage,[参数]:',NULL,'2016-10-17 16:28:09'),(542,'admin','admin','[类名]:com.mrbt.insurance.admin.controller.RoleController,[方法]:addPage,[参数]:',NULL,'2016-10-17 16:31:14'),(543,'admin','admin','[类名]:com.mrbt.insurance.admin.controller.LoginController,[方法]:login,[参数]:',NULL,'2016-10-17 16:39:33'),(544,'admin','admin','[类名]:com.mrbt.insurance.admin.controller.LoginController,[方法]:loginPost,[参数]:username=admin&password=123456&','192.168.1.170','2016-10-17 16:39:38'),(545,'admin','admin','[类名]:com.mrbt.insurance.webset.controller.CompanyController,[方法]:addPage,[参数]:_=1476693605117&','192.168.1.170','2016-10-17 16:39:42'),(546,'admin','admin','[类名]:com.mrbt.insurance.webset.controller.CompanyController,[方法]:addPage,[参数]:_=1476693635776&','192.168.1.170','2016-10-17 16:40:14'),(547,'admin','admin','[类名]:com.mrbt.insurance.webset.controller.CompanyController,[方法]:addPage,[参数]:_=1476694167221&','192.168.1.170','2016-10-17 16:49:07'),(548,'admin','admin','[类名]:com.mrbt.insurance.webset.controller.CompanyController,[方法]:addPage,[参数]:_=1476694204685&','192.168.1.170','2016-10-17 16:49:43'),(549,'admin','admin','[类名]:com.mrbt.insurance.webset.controller.CompanyController,[方法]:addPage,[参数]:_=1476694312813&','192.168.1.170','2016-10-17 16:51:37'),(550,'admin','admin','[类名]:com.mrbt.insurance.admin.controller.RoleController,[方法]:grantPage,[参数]:id=1&_=1476692874087&','0:0:0:0:0:0:0:1','2016-10-17 16:54:13'),(551,'admin','admin','[类名]:com.mrbt.insurance.admin.controller.OrganizationController,[方法]:addPage,[参数]:',NULL,'2016-10-17 16:55:38'),(552,'admin','admin','[类名]:com.mrbt.insurance.admin.controller.RoleController,[方法]:addPage,[参数]:',NULL,'2016-10-17 17:06:23'),(553,'admin','admin','[类名]:com.mrbt.insurance.admin.controller.UserController,[方法]:addPage,[参数]:',NULL,'2016-10-17 17:06:29'),(554,'admin','admin','[类名]:com.mrbt.insurance.admin.controller.UserController,[方法]:addPage,[参数]:',NULL,'2016-10-17 17:06:39'),(555,'admin','admin','[类名]:com.mrbt.insurance.admin.controller.OrganizationController,[方法]:addPage,[参数]:',NULL,'2016-10-17 17:06:56'),(556,'admin','admin','[类名]:com.mrbt.insurance.admin.controller.OrganizationController,[方法]:addPage,[参数]:',NULL,'2016-10-17 17:29:29'),(557,'admin','admin','[类名]:com.mrbt.insurance.admin.controller.OrganizationController,[方法]:addPage,[参数]:',NULL,'2016-10-17 17:30:03'),(558,'admin','admin','[类名]:com.mrbt.insurance.admin.controller.OrganizationController,[方法]:add,[参数]:code=04&name=市场部&seq=4&icon=icon-folder&address=&pid=&','0:0:0:0:0:0:0:1','2016-10-17 17:30:42'),(559,'admin','admin','[类名]:com.mrbt.insurance.admin.controller.OrganizationController,[方法]:addPage,[参数]:',NULL,'2016-10-17 17:31:08'),(560,'admin','admin','[类名]:com.mrbt.insurance.webset.controller.CompanyController,[方法]:addPage,[参数]:_=1476696992967&','192.168.1.170','2016-10-17 17:36:11'),(561,'admin','admin','[类名]:com.mrbt.insurance.admin.controller.RoleController,[方法]:grantPage,[参数]:id=1&_=1476696992969&','192.168.1.170','2016-10-17 17:50:12'),(562,'admin','admin','[类名]:com.mrbt.insurance.admin.controller.LoginController,[方法]:login,[参数]:',NULL,'2016-10-18 11:48:20'),(563,'admin','admin','[类名]:com.mrbt.insurance.admin.controller.LoginController,[方法]:login,[参数]:',NULL,'2016-10-18 11:48:21'),(564,'admin','admin','[类名]:com.mrbt.insurance.admin.controller.LoginController,[方法]:loginPost,[参数]:username=admin&password=123456&','0:0:0:0:0:0:0:1','2016-10-18 11:48:25'),(565,'admin','admin','[类名]:com.mrbt.insurance.admin.controller.LoginController,[方法]:login,[参数]:',NULL,'2016-10-18 14:16:03'),(566,'admin','admin','[类名]:com.mrbt.insurance.admin.controller.LoginController,[方法]:login,[参数]:',NULL,'2016-10-18 14:16:03'),(567,'admin','admin','[类名]:com.mrbt.insurance.admin.controller.LoginController,[方法]:loginPost,[参数]:username=admin&password=123456&','0:0:0:0:0:0:0:1','2016-10-18 14:16:43'),(568,'admin','admin','[类名]:com.mrbt.insurance.webset.controller.CompanyController,[方法]:addPage,[参数]:_=1476771409483&','0:0:0:0:0:0:0:1','2016-10-18 14:17:24'),(569,'admin','admin','[类名]:com.mrbt.insurance.webset.controller.CompanyController,[方法]:addPage,[参数]:_=1476771822554&','192.168.1.175','2016-10-18 14:24:16'),(570,'admin','admin','[类名]:com.mrbt.insurance.webset.controller.CompanyController,[方法]:addPage,[参数]:_=1476771822556&','192.168.1.175','2016-10-18 14:24:26'),(571,'admin','admin','[类名]:com.mrbt.insurance.admin.controller.RoleController,[方法]:addPage,[参数]:',NULL,'2016-10-18 14:24:33'),(572,'admin','admin','[类名]:com.mrbt.insurance.admin.controller.OrganizationController,[方法]:addPage,[参数]:',NULL,'2016-10-18 14:24:38'),(573,'admin','admin','[类名]:com.mrbt.insurance.admin.controller.UserController,[方法]:addPage,[参数]:',NULL,'2016-10-18 14:24:43'),(574,'admin','admin','[类名]:com.mrbt.insurance.admin.controller.OrganizationController,[方法]:addPage,[参数]:',NULL,'2016-10-18 14:24:47'),(575,'admin','admin','[类名]:com.mrbt.insurance.webset.controller.CompanyController,[方法]:addPage,[参数]:_=1476771822562&','192.168.1.175','2016-10-18 14:24:54'),(576,'admin','admin','[类名]:com.mrbt.insurance.webset.controller.CompanyController,[方法]:addPage,[参数]:_=1476772077946&','192.168.1.170','2016-10-18 14:27:34'),(577,'admin','admin','[类名]:com.mrbt.insurance.admin.controller.ResourceController,[方法]:editPage,[参数]:id=132&_=1476772077949&','192.168.1.170','2016-10-18 14:30:26'),(578,'admin','admin','[类名]:com.mrbt.insurance.admin.controller.ResourceController,[方法]:addPage,[参数]:',NULL,'2016-10-18 14:30:49'),(579,'admin','admin','[类名]:com.mrbt.insurance.admin.controller.ResourceController,[方法]:addPage,[参数]:',NULL,'2016-10-18 14:31:24'),(580,'admin','admin','[类名]:com.mrbt.insurance.admin.controller.ResourceController,[方法]:addPage,[参数]:',NULL,'2016-10-18 14:31:39'),(581,'admin','admin','[类名]:com.mrbt.insurance.admin.controller.ResourceController,[方法]:add,[参数]:name=员工管理&resourcetype=0&url=/employee/manager&seq=1&icon=icon-folder&status=0&pid=222&','192.168.1.175','2016-10-18 14:32:33'),(582,'admin','admin','[类名]:com.mrbt.insurance.admin.controller.UserController,[方法]:addPage,[参数]:',NULL,'2016-10-18 14:32:51'),(583,'admin','admin','[类名]:com.mrbt.insurance.webset.controller.CompanyController,[方法]:addPage,[参数]:_=1476777434557&','192.168.1.170','2016-10-18 15:56:54'),(584,'admin','admin','[类名]:com.mrbt.insurance.webset.controller.CompanyController,[方法]:addPage,[参数]:_=1476777724006&','192.168.1.170','2016-10-18 16:01:41'),(585,'admin','admin','[类名]:com.mrbt.insurance.webset.controller.CompanyController,[方法]:addPage,[参数]:_=1476777733125&','192.168.1.170','2016-10-18 16:01:50'),(586,'admin','admin','[类名]:com.mrbt.insurance.webset.controller.CompanyController,[方法]:addPage,[参数]:_=1476777742082&','192.168.1.170','2016-10-18 16:02:02'),(587,'admin','admin','[类名]:com.mrbt.insurance.webset.controller.CompanyController,[方法]:addPage,[参数]:_=1476777782774&','192.168.1.170','2016-10-18 16:02:39'),(588,'admin','admin','[类名]:com.mrbt.insurance.webset.controller.CompanyController,[方法]:addPage,[参数]:_=1476777801808&','192.168.1.170','2016-10-18 16:02:58'),(589,'admin','admin','[类名]:com.mrbt.insurance.admin.controller.UserController,[方法]:addPage,[参数]:',NULL,'2016-10-18 16:04:04'),(590,'admin','admin','[类名]:com.mrbt.insurance.admin.controller.UserController,[方法]:addPage,[参数]:',NULL,'2016-10-18 16:04:14'),(591,'admin','admin','[类名]:com.mrbt.insurance.admin.controller.UserController,[方法]:addPage,[参数]:',NULL,'2016-10-18 16:06:08'),(592,'admin','admin','[类名]:com.mrbt.insurance.webset.controller.EmployeeControlller,[方法]:addPage,[参数]:',NULL,'2016-10-18 16:14:01'),(593,'admin','admin','[类名]:com.mrbt.insurance.webset.controller.EmployeeControlller,[方法]:addPage,[参数]:',NULL,'2016-10-18 16:18:28'),(594,'admin','admin','[类名]:com.mrbt.insurance.webset.controller.EmployeeControlller,[方法]:addPage,[参数]:',NULL,'2016-10-18 16:19:41'),(595,'admin','admin','[类名]:com.mrbt.insurance.webset.controller.EmployeeControlller,[方法]:addPage,[参数]:',NULL,'2016-10-18 16:20:43'),(596,'admin','admin','[类名]:com.mrbt.insurance.admin.controller.RoleController,[方法]:grantPage,[参数]:id=1&_=1476778942427&','192.168.1.175','2016-10-18 16:22:38'),(597,'admin','admin','[类名]:com.mrbt.insurance.admin.controller.ResourceController,[方法]:addPage,[参数]:',NULL,'2016-10-18 16:23:04'),(598,'admin','admin','[类名]:com.mrbt.insurance.admin.controller.ResourceController,[方法]:add,[参数]:name=添加&resourcetype=1&url=/employee/add&seq=1&icon=icon-add&status=0&pid=232&','192.168.1.175','2016-10-18 16:23:52'),(599,'admin','admin','[类名]:com.mrbt.insurance.admin.controller.RoleController,[方法]:grantPage,[参数]:id=1&_=1476778942429&','192.168.1.175','2016-10-18 16:24:00'),(600,'admin','admin','[类名]:com.mrbt.insurance.admin.controller.RoleController,[方法]:grant,[参数]:id=1&resourceIds=1,11,111,112,113,114,12,121,122,123,124,125,13,131,132,133,134,14,141,142,143,144,222,230,231,232,233,221&','192.168.1.175','2016-10-18 16:24:05'),(601,'admin','admin','[类名]:com.mrbt.insurance.webset.controller.EmployeeControlller,[方法]:addPage,[参数]:',NULL,'2016-10-18 16:24:16'),(602,'admin','admin','[类名]:com.mrbt.insurance.webset.controller.CompanyController,[方法]:addPage,[参数]:_=1476779069117&','192.168.1.175','2016-10-18 16:24:37'),(603,'admin','admin','[类名]:com.mrbt.insurance.webset.controller.EmployeeControlller,[方法]:addPage,[参数]:',NULL,'2016-10-18 16:24:41'),(604,'admin','admin','[类名]:com.mrbt.insurance.webset.controller.EmployeeControlller,[方法]:addPage,[参数]:',NULL,'2016-10-18 16:26:33'),(605,'admin','admin','[类名]:com.mrbt.insurance.webset.controller.EmployeeControlller,[方法]:addPage,[参数]:',NULL,'2016-10-18 16:27:34'),(606,'admin','admin','[类名]:com.mrbt.insurance.webset.controller.EmployeeControlller,[方法]:addPage,[参数]:',NULL,'2016-10-18 16:28:14'),(607,'admin','admin','[类名]:com.mrbt.insurance.webset.controller.EmployeeControlller,[方法]:addPage,[参数]:',NULL,'2016-10-18 16:28:36'),(608,'admin','admin','[类名]:com.mrbt.insurance.webset.controller.EmployeeControlller,[方法]:addPage,[参数]:',NULL,'2016-10-18 16:30:16'),(609,'admin','admin','[类名]:com.mrbt.insurance.webset.controller.CompanyController,[方法]:addPage,[参数]:_=1476780540104&','192.168.1.170','2016-10-18 16:48:37'),(610,'admin','admin','[类名]:com.mrbt.insurance.webset.controller.CompanyController,[方法]:addPage,[参数]:_=1476780574074&','192.168.1.170','2016-10-18 16:49:11'),(611,'admin','admin','[类名]:com.mrbt.insurance.webset.controller.CompanyController,[方法]:addPage,[参数]:_=1476780632516&','192.168.1.170','2016-10-18 16:50:16'),(612,'admin','admin','[类名]:com.mrbt.insurance.admin.controller.LoginController,[方法]:login,[参数]:',NULL,'2016-10-18 16:51:30'),(613,'admin','admin','[类名]:com.mrbt.insurance.webset.controller.EmployeeControlller,[方法]:addPage,[参数]:',NULL,'2016-10-18 17:01:42'),(614,'admin','admin','[类名]:com.mrbt.insurance.webset.controller.CompanyController,[方法]:addPage,[参数]:_=1476781407677&','192.168.1.170','2016-10-18 17:03:05'),(615,'admin','admin','[类名]:com.mrbt.insurance.webset.controller.CompanyController,[方法]:addPage,[参数]:_=1476781457592&','192.168.1.170','2016-10-18 17:03:54'),(616,'admin','admin','[类名]:com.mrbt.insurance.webset.controller.EmployeeControlller,[方法]:addPage,[参数]:',NULL,'2016-10-18 17:38:41'),(617,'admin','admin','[类名]:com.mrbt.insurance.admin.controller.RoleController,[方法]:grantPage,[参数]:id=1&_=1476783506415&','0:0:0:0:0:0:0:1','2016-10-18 17:40:09'),(618,'admin','admin','[类名]:com.mrbt.insurance.admin.controller.RoleController,[方法]:grant,[参数]:id=1&resourceIds=1,11,111,112,113,114,12,121,122,123,124,125,13,131,132,133,134,14,141,142,143,144,222,230,231,232,233,221&','0:0:0:0:0:0:0:1','2016-10-18 17:40:14'),(619,'admin','admin','[类名]:com.mrbt.insurance.admin.controller.OrganizationController,[方法]:addPage,[参数]:',NULL,'2016-10-18 17:40:21'),(620,'admin','admin','[类名]:com.mrbt.insurance.webset.controller.EmployeeControlller,[方法]:addPage,[参数]:',NULL,'2016-10-18 17:40:30'),(621,'admin','admin','[类名]:com.mrbt.insurance.webset.controller.EmployeeControlller,[方法]:addPage,[参数]:',NULL,'2016-10-18 17:43:02'),(622,'admin','admin','[类名]:com.mrbt.insurance.webset.controller.EmployeeControlller,[方法]:addPage,[参数]:',NULL,'2016-10-18 17:45:58'),(623,'admin','admin','[类名]:com.mrbt.insurance.admin.controller.ResourceController,[方法]:addPage,[参数]:',NULL,'2016-10-18 17:47:32'),(624,'admin','admin','[类名]:com.mrbt.insurance.webset.controller.EmployeeControlller,[方法]:addPage,[参数]:',NULL,'2016-10-18 17:47:40'),(625,'admin','admin','[类名]:com.mrbt.insurance.webset.controller.EmployeeControlller,[方法]:add,[参数]:name=市场部&sex=0&entryTime=&estats=0&departureTime=&birthday=&description=&','0:0:0:0:0:0:0:1','2016-10-18 17:47:44'),(626,'admin','admin','[类名]:com.mrbt.insurance.webset.controller.EmployeeControlller,[方法]:addPage,[参数]:',NULL,'2016-10-18 17:52:00'),(627,'admin','admin','[类名]:com.mrbt.insurance.webset.controller.EmployeeControlller,[方法]:addPage,[参数]:',NULL,'2016-10-18 17:52:23'),(628,'admin','admin','[类名]:com.mrbt.insurance.webset.controller.EmployeeControlller,[方法]:add,[参数]:name=市场部&sex=0&entryTime=&estats=0&departureTime=&birthday=&description=&','0:0:0:0:0:0:0:1','2016-10-18 17:52:27'),(629,'admin','admin','[类名]:com.mrbt.insurance.webset.controller.EmployeeControlller,[方法]:addPage,[参数]:',NULL,'2016-10-18 18:11:25'),(630,'admin','admin','[类名]:com.mrbt.insurance.webset.controller.EmployeeControlller,[方法]:add,[参数]:ename=李四&sex=0&entryTime=&estats=0&departureTime=&birthday=&resume=&','0:0:0:0:0:0:0:1','2016-10-18 18:11:34'),(631,'admin','admin','[类名]:com.mrbt.insurance.webset.controller.EmployeeControlller,[方法]:addPage,[参数]:',NULL,'2016-10-19 09:50:33'),(632,'admin','admin','[类名]:com.mrbt.insurance.webset.controller.EmployeeControlller,[方法]:add,[参数]:ename=李四&sex=0&entryTime=&estats=0&departureTime=&birthday=&resume=&','0:0:0:0:0:0:0:1','2016-10-19 09:50:38'),(633,'admin','admin','[类名]:com.mrbt.insurance.webset.controller.EmployeeControlller,[方法]:addPage,[参数]:',NULL,'2016-10-19 09:56:03'),(634,'admin','admin','[类名]:com.mrbt.insurance.webset.controller.EmployeeControlller,[方法]:add,[参数]:ename=李四&sex=0&entryTime=&estats=0&departureTime=&birthday=&resume=&','0:0:0:0:0:0:0:1','2016-10-19 09:56:06'),(635,'admin','admin','[类名]:com.mrbt.insurance.webset.controller.EmployeeControlller,[方法]:addPage,[参数]:',NULL,'2016-10-19 10:07:42'),(636,'admin','admin','[类名]:com.mrbt.insurance.webset.controller.EmployeeControlller,[方法]:add,[参数]:ename=李四&sex=0&entryTime=&estats=0&departureTime=&birthday=&resume=&','0:0:0:0:0:0:0:1','2016-10-19 10:07:50'),(637,'admin','admin','[类名]:com.mrbt.insurance.admin.controller.RoleController,[方法]:grantPage,[参数]:id=1&_=1476843064145&','0:0:0:0:0:0:0:1','2016-10-19 10:12:18'),(638,'admin','admin','[类名]:com.mrbt.insurance.admin.controller.ResourceController,[方法]:addPage,[参数]:',NULL,'2016-10-19 10:12:42'),(639,'admin','admin','[类名]:com.mrbt.insurance.admin.controller.ResourceController,[方法]:add,[参数]:name=编辑&resourcetype=1&url=/employee/edit&seq=2&icon=icon-edit&status=0&pid=232&','0:0:0:0:0:0:0:1','2016-10-19 10:14:17'),(640,'admin','admin','[类名]:com.mrbt.insurance.admin.controller.ResourceController,[方法]:addPage,[参数]:',NULL,'2016-10-19 10:14:22'),(641,'admin','admin','[类名]:com.mrbt.insurance.admin.controller.ResourceController,[方法]:add,[参数]:name=删除&resourcetype=1&url=/employee/delete&seq=3&icon=icon-delete&status=0&pid=232&','0:0:0:0:0:0:0:1','2016-10-19 10:15:21'),(642,'admin','admin','[类名]:com.mrbt.insurance.admin.controller.ResourceController,[方法]:editPage,[参数]:id=235&_=1476843064148&','0:0:0:0:0:0:0:1','2016-10-19 10:15:29'),(643,'admin','admin','[类名]:com.mrbt.insurance.admin.controller.ResourceController,[方法]:edit,[参数]:id=235&name=删除&resourcetype=1&url=/employee/delete&seq=3&icon=icon-del&status=0&pid=232&','0:0:0:0:0:0:0:1','2016-10-19 10:15:37'),(644,'admin','admin','[类名]:com.mrbt.insurance.admin.controller.RoleController,[方法]:grantPage,[参数]:id=1&_=1476843064149&','0:0:0:0:0:0:0:1','2016-10-19 10:15:48'),(645,'admin','admin','[类名]:com.mrbt.insurance.admin.controller.RoleController,[方法]:grant,[参数]:id=1&resourceIds=1,11,111,112,113,114,12,121,122,123,124,125,13,131,132,133,134,14,141,142,143,144,222,230,231,232,233,234,235,221&','0:0:0:0:0:0:0:1','2016-10-19 10:15:53'),(646,'admin','admin','[类名]:com.mrbt.insurance.webset.controller.EmployeeControlller,[方法]:editPage,[参数]:id=1&_=1476843353790&','0:0:0:0:0:0:0:1','2016-10-19 10:16:01'),(647,'admin','admin','[类名]:com.mrbt.insurance.webset.controller.EmployeeControlller,[方法]:editPage,[参数]:id=1&_=1476843353791&','0:0:0:0:0:0:0:1','2016-10-19 10:16:14'),(648,'admin','admin','[类名]:com.mrbt.insurance.admin.controller.UserController,[方法]:addPage,[参数]:',NULL,'2016-10-19 10:37:09'),(649,'admin','admin','[类名]:com.mrbt.insurance.admin.controller.UserController,[方法]:addPage,[参数]:',NULL,'2016-10-19 10:39:00'),(650,'admin','admin','[类名]:com.mrbt.insurance.webset.controller.EmployeeControlller,[方法]:addPage,[参数]:',NULL,'2016-10-19 10:39:35'),(651,'admin','admin','[类名]:com.mrbt.insurance.webset.controller.EmployeeControlller,[方法]:editPage,[参数]:id=1&_=1476845059112&','0:0:0:0:0:0:0:1','2016-10-19 10:44:52'),(652,'admin','admin','[类名]:com.mrbt.insurance.webset.controller.EmployeeControlller,[方法]:edit,[参数]:id=1&ename=张三&sex=0&entryTime=&estats=0&departureTime=&birthday=&resume=111&','0:0:0:0:0:0:0:1','2016-10-19 10:44:56'),(653,'admin','admin','[类名]:com.mrbt.insurance.webset.controller.EmployeeControlller,[方法]:addPage,[参数]:',NULL,'2016-10-19 10:46:05'),(654,'admin','admin','[类名]:com.mrbt.insurance.webset.controller.EmployeeControlller,[方法]:addPage,[参数]:',NULL,'2016-10-19 10:46:14'),(655,'admin','admin','[类名]:com.mrbt.insurance.webset.controller.EmployeeControlller,[方法]:addPage,[参数]:',NULL,'2016-10-19 10:48:35'),(656,'admin','admin','[类名]:com.mrbt.insurance.webset.controller.EmployeeControlller,[方法]:addPage,[参数]:',NULL,'2016-10-19 11:23:01'),(657,'admin','admin','[类名]:com.mrbt.insurance.webset.controller.EmployeeControlller,[方法]:addPage,[参数]:',NULL,'2016-10-19 11:27:14'),(658,'admin','admin','[类名]:com.mrbt.insurance.webset.controller.EmployeeControlller,[方法]:editPage,[参数]:id=1&_=1476847366661&','0:0:0:0:0:0:0:1','2016-10-19 11:27:22'),(659,'admin','admin','[类名]:com.mrbt.insurance.webset.controller.EmployeeControlller,[方法]:editPage,[参数]:id=1&_=1476847366662&','0:0:0:0:0:0:0:1','2016-10-19 11:35:41'),(660,'admin','admin','[类名]:com.mrbt.insurance.admin.controller.ResourceController,[方法]:addPage,[参数]:',NULL,'2016-10-19 11:39:01'),(661,'admin','admin','[类名]:com.mrbt.insurance.webset.controller.EmployeeControlller,[方法]:editPage,[参数]:id=1&_=1476849201894&','0:0:0:0:0:0:0:1','2016-10-19 11:53:30'),(662,'admin','admin','[类名]:com.mrbt.insurance.webset.controller.EmployeeControlller,[方法]:addPage,[参数]:',NULL,'2016-10-19 11:54:14'),(663,'admin','admin','[类名]:com.mrbt.insurance.webset.controller.EmployeeControlller,[方法]:editPage,[参数]:id=1&_=1476849201896&','0:0:0:0:0:0:0:1','2016-10-19 12:04:17'),(664,'admin','admin','[类名]:com.mrbt.insurance.admin.controller.LoginController,[方法]:login,[参数]:',NULL,'2016-10-19 12:59:26'),(665,'admin','admin','[类名]:com.mrbt.insurance.admin.controller.LoginController,[方法]:login,[参数]:',NULL,'2016-10-19 12:59:26'),(666,'admin','admin','[类名]:com.mrbt.insurance.admin.controller.LoginController,[方法]:loginPost,[参数]:username=admin&password=123456&','0:0:0:0:0:0:0:1','2016-10-19 12:59:32'),(667,'admin','admin','[类名]:com.mrbt.insurance.webset.controller.EmployeeControlller,[方法]:editPage,[参数]:id=1&_=1476853167754&','0:0:0:0:0:0:0:1','2016-10-19 12:59:36'),(668,'admin','admin','[类名]:com.mrbt.insurance.webset.controller.EmployeeControlller,[方法]:editPage,[参数]:id=1&_=1476853436562&','0:0:0:0:0:0:0:1','2016-10-19 13:04:06'),(669,'admin','admin','[类名]:com.mrbt.insurance.webset.controller.EmployeeControlller,[方法]:editPage,[参数]:id=1&_=1476853616513&','0:0:0:0:0:0:0:1','2016-10-19 13:07:06'),(670,'admin','admin','[类名]:com.mrbt.insurance.webset.controller.EmployeeControlller,[方法]:addPage,[参数]:',NULL,'2016-10-19 13:07:11'),(671,'admin','admin','[类名]:com.mrbt.insurance.webset.controller.EmployeeControlller,[方法]:addPage,[参数]:',NULL,'2016-10-19 13:10:53'),(672,'admin','admin','[类名]:com.mrbt.insurance.webset.controller.EmployeeControlller,[方法]:editPage,[参数]:id=1&_=1476853837528&','0:0:0:0:0:0:0:1','2016-10-19 13:10:56'),(673,'admin','admin','[类名]:com.mrbt.insurance.webset.controller.EmployeeControlller,[方法]:editPage,[参数]:id=1&_=1476854001584&','0:0:0:0:0:0:0:1','2016-10-19 13:13:31'),(674,'admin','admin','[类名]:com.mrbt.insurance.webset.controller.EmployeeControlller,[方法]:editPage,[参数]:id=1&_=1476854091527&','0:0:0:0:0:0:0:1','2016-10-19 13:15:01'),(675,'admin','admin','[类名]:com.mrbt.insurance.webset.controller.EmployeeControlller,[方法]:editPage,[参数]:id=1&_=1476854091528&','0:0:0:0:0:0:0:1','2016-10-19 13:16:46'),(676,'admin','admin','[类名]:com.mrbt.insurance.webset.controller.EmployeeControlller,[方法]:addPage,[参数]:',NULL,'2016-10-19 13:53:54'),(677,'admin','admin','[类名]:com.mrbt.insurance.webset.controller.EmployeeControlller,[方法]:add,[参数]:ename=李四&sex=0&entryTime=&estats=0&departureTime=&birthday=&resume=&','0:0:0:0:0:0:0:1','2016-10-19 13:54:07'),(678,'admin','admin','[类名]:com.mrbt.insurance.webset.controller.EmployeeControlller,[方法]:editPage,[参数]:id=1&_=1476856417634&','0:0:0:0:0:0:0:1','2016-10-19 13:54:31'),(679,'admin','admin','[类名]:com.mrbt.insurance.webset.controller.EmployeeControlller,[方法]:editPage,[参数]:id=1&_=1476856776403&','0:0:0:0:0:0:0:1','2016-10-19 13:59:48'),(680,'admin','admin','[类名]:com.mrbt.insurance.webset.controller.EmployeeControlller,[方法]:delete,[参数]:id=1&','0:0:0:0:0:0:0:1','2016-10-19 14:03:34'),(681,'admin','admin','[类名]:com.mrbt.insurance.webset.controller.EmployeeControlller,[方法]:editPage,[参数]:id=1&_=1476856776404&','0:0:0:0:0:0:0:1','2016-10-19 14:03:40'),(682,'admin','admin','[类名]:com.mrbt.insurance.webset.controller.EmployeeControlller,[方法]:editPage,[参数]:id=1&_=1476856776405&','0:0:0:0:0:0:0:1','2016-10-19 14:04:11'),(683,'admin','admin','[类名]:com.mrbt.insurance.webset.controller.EmployeeControlller,[方法]:editPage,[参数]:id=1&_=1476857158329&','0:0:0:0:0:0:0:1','2016-10-19 14:06:09'),(684,'admin','admin','[类名]:com.mrbt.insurance.webset.controller.EmployeeControlller,[方法]:addPage,[参数]:',NULL,'2016-10-19 14:13:43'),(685,'admin','admin','[类名]:com.mrbt.insurance.webset.controller.EmployeeControlller,[方法]:addPage,[参数]:',NULL,'2016-10-19 14:19:43'),(686,'admin','admin','[类名]:com.mrbt.insurance.webset.controller.EmployeeControlller,[方法]:addPage,[参数]:',NULL,'2016-10-19 14:21:11'),(687,'admin','admin','[类名]:com.mrbt.insurance.webset.controller.EmployeeControlller,[方法]:addPage,[参数]:',NULL,'2016-10-19 14:23:32'),(688,'admin','admin','[类名]:com.mrbt.insurance.webset.controller.CompanyController,[方法]:addPage,[参数]:_=1476858910168&','192.168.1.170','2016-10-19 14:34:46'),(689,'admin','admin','[类名]:com.mrbt.insurance.webset.controller.EmployeeControlller,[方法]:addPage,[参数]:',NULL,'2016-10-19 14:34:51'),(690,'admin','admin','[类名]:com.mrbt.insurance.webset.controller.EmployeeControlller,[方法]:editPage,[参数]:id=1&_=1476858910172&','192.168.1.170','2016-10-19 14:34:54'),(691,'admin','admin','[类名]:com.mrbt.insurance.webset.controller.EmployeeControlller,[方法]:addPage,[参数]:',NULL,'2016-10-19 14:34:58'),(692,'admin','admin','[类名]:com.mrbt.insurance.webset.controller.EmployeeControlller,[方法]:addPage,[参数]:',NULL,'2016-10-19 14:37:51'),(693,'admin','admin','[类名]:com.mrbt.insurance.webset.controller.EmployeeControlller,[方法]:add,[参数]:ename=李四&sex=0&estats=0&resume=时代发生的发生的&','192.168.1.170','2016-10-19 14:37:59'),(694,'admin','admin','[类名]:com.mrbt.insurance.webset.controller.EmployeeControlller,[方法]:addPage,[参数]:',NULL,'2016-10-19 14:51:30'),(695,'admin','admin','[类名]:com.mrbt.insurance.webset.controller.EmployeeControlller,[方法]:add,[参数]:ename=李四&sex=0&estats=0&resume=时代发生的发生的&','192.168.1.170','2016-10-19 14:51:44'),(696,'admin','admin','[类名]:com.mrbt.insurance.webset.controller.EmployeeControlller,[方法]:add,[参数]:ename=李四&sex=0&estats=0&resume=时代发生的发生的&','192.168.1.170','2016-10-19 14:52:34'),(697,'admin','admin','[类名]:com.mrbt.insurance.webset.controller.EmployeeControlller,[方法]:add,[参数]:ename=李四&sex=0&estats=0&resume=时代发生的发生的&','192.168.1.170','2016-10-19 14:53:48'),(698,'admin','admin','[类名]:com.mrbt.insurance.webset.controller.EmployeeControlller,[方法]:add,[参数]:ename=李四&sex=0&estats=0&resume=时代发生的发生的&','192.168.1.170','2016-10-19 14:57:34'),(699,'admin','admin','[类名]:com.mrbt.insurance.webset.controller.EmployeeControlller,[方法]:addPage,[参数]:',NULL,'2016-10-19 15:25:07'),(700,'admin','admin','[类名]:com.mrbt.insurance.webset.controller.EmployeeControlller,[方法]:addPage,[参数]:',NULL,'2016-10-19 15:29:10'),(701,'admin','admin','[类名]:com.mrbt.insurance.webset.controller.EmployeeControlller,[方法]:add,[参数]:ename=李四&sex=0&estats=0&resume=sdsdfdsf&','192.168.1.170','2016-10-19 15:29:14'),(702,'admin','admin','[类名]:com.mrbt.insurance.webset.controller.EmployeeControlller,[方法]:addPage,[参数]:',NULL,'2016-10-19 15:34:17'),(703,'admin','admin','[类名]:com.mrbt.insurance.webset.controller.EmployeeControlller,[方法]:add,[参数]:ename=李四&sex=0&estats=0&resume=hfghgfh &','192.168.1.170','2016-10-19 15:34:24'),(704,'admin','admin','[类名]:com.mrbt.insurance.webset.controller.EmployeeControlller,[方法]:add,[参数]:ename=李四&sex=0&estats=0&resume=hfghgfh &','192.168.1.170','2016-10-19 15:36:39'),(705,'admin','admin','[类名]:com.mrbt.insurance.admin.controller.UserController,[方法]:addPage,[参数]:',NULL,'2016-10-19 15:47:01'),(706,'admin','admin','[类名]:com.mrbt.insurance.admin.controller.UserController,[方法]:add,[参数]:loginname=1&name=test1&password=123&sex=0&age=25&usertype=1&organizationId=3&roleIds=8&phone=18707173376&status=0&','192.168.1.175','2016-10-19 15:50:14'),(707,'admin','admin','[类名]:com.mrbt.insurance.webset.controller.EmployeeControlller,[方法]:add,[参数]:',NULL,'2016-10-19 16:06:23'),(708,'admin','admin','[类名]:com.mrbt.insurance.webset.controller.EmployeeControlller,[方法]:add,[参数]:',NULL,'2016-10-19 16:09:47'),(709,'admin','admin','[类名]:com.mrbt.insurance.webset.controller.EmployeeControlller,[方法]:add,[参数]:',NULL,'2016-10-19 16:14:28'),(710,'admin','admin','[类名]:com.mrbt.insurance.webset.controller.EmployeeControlller,[方法]:addPage,[参数]:',NULL,'2016-10-19 16:38:36'),(711,'admin','admin','[类名]:com.mrbt.insurance.webset.controller.EmployeeControlller,[方法]:addPage,[参数]:',NULL,'2016-10-19 16:39:10'),(712,'admin','admin','[类名]:com.mrbt.insurance.webset.controller.EmployeeControlller,[方法]:addPage,[参数]:',NULL,'2016-10-19 16:43:01'),(713,'admin','admin','[类名]:com.mrbt.insurance.webset.controller.EmployeeControlller,[方法]:addPage,[参数]:',NULL,'2016-10-19 16:45:23'),(714,'admin','admin','[类名]:com.mrbt.insurance.webset.controller.EmployeeControlller,[方法]:add,[参数]:',NULL,'2016-10-19 16:45:27'),(715,'admin','admin','[类名]:com.mrbt.insurance.webset.controller.EmployeeControlller,[方法]:addPage,[参数]:',NULL,'2016-10-19 16:49:00'),(716,'admin','admin','[类名]:com.mrbt.insurance.webset.controller.EmployeeControlller,[方法]:add,[参数]:',NULL,'2016-10-19 16:49:06'),(717,'admin','admin','[类名]:com.mrbt.insurance.webset.controller.EmployeeControlller,[方法]:addPage,[参数]:',NULL,'2016-10-19 17:04:10'),(718,'admin','admin','[类名]:com.mrbt.insurance.webset.controller.EmployeeControlller,[方法]:editPage,[参数]:id=aacc90b9-d9c0-43ee-9564-cabd94cf9fb0&_=1476867820205&','0:0:0:0:0:0:0:1','2016-10-19 17:05:55'),(719,'admin','admin','[类名]:com.mrbt.insurance.webset.controller.EmployeeControlller,[方法]:editPage,[参数]:id=1&_=1476867820206&','0:0:0:0:0:0:0:1','2016-10-19 17:06:00'),(720,'admin','admin','[类名]:com.mrbt.insurance.webset.controller.EmployeeControlller,[方法]:addPage,[参数]:',NULL,'2016-10-19 17:06:14'),(721,'admin','admin','[类名]:com.mrbt.insurance.webset.controller.EmployeeControlller,[方法]:editPage,[参数]:id=b45e5463-4c69-481b-a4a6-7bc13ec9f197&_=1476867820208&','0:0:0:0:0:0:0:1','2016-10-19 17:06:19'),(722,'admin','admin','[类名]:com.mrbt.insurance.webset.controller.EmployeeControlller,[方法]:editPage,[参数]:id=aacc90b9-d9c0-43ee-9564-cabd94cf9fb0&_=1476868005589&','0:0:0:0:0:0:0:1','2016-10-19 17:06:55'),(723,'admin','admin','[类名]:com.mrbt.insurance.webset.controller.EmployeeControlller,[方法]:editPage,[参数]:id=1&_=1476868005590&','0:0:0:0:0:0:0:1','2016-10-19 17:07:04'),(724,'admin','admin','[类名]:com.mrbt.insurance.webset.controller.EmployeeControlller,[方法]:editPage,[参数]:id=d0c9ee95-54a8-4b8b-a277-2a9938bbcf8c&_=1476868005591&','0:0:0:0:0:0:0:1','2016-10-19 17:07:07'),(725,'admin','admin','[类名]:com.mrbt.insurance.webset.controller.EmployeeControlller,[方法]:addPage,[参数]:',NULL,'2016-10-19 17:07:59'),(726,'admin','admin','[类名]:com.mrbt.insurance.webset.controller.EmployeeControlller,[方法]:delete,[参数]:id=b45e5463-4c69-481b-a4a6-7bc13ec9f197&','0:0:0:0:0:0:0:1','2016-10-19 17:08:09'),(727,'admin','admin','[类名]:com.mrbt.insurance.webset.controller.EmployeeControlller,[方法]:addPage,[参数]:',NULL,'2016-10-19 17:08:43'),(728,'admin','admin','[类名]:com.mrbt.insurance.webset.controller.EmployeeControlller,[方法]:editPage,[参数]:id=aacc90b9-d9c0-43ee-9564-cabd94cf9fb0&_=1476868005594&','0:0:0:0:0:0:0:1','2016-10-19 17:09:24'),(729,'admin','admin','[类名]:com.mrbt.insurance.webset.controller.CompanyController,[方法]:addPage,[参数]:_=1476870902645&','192.168.1.170','2016-10-19 17:54:44'),(730,'admin','admin','[类名]:com.mrbt.insurance.webset.controller.EmployeeControlller,[方法]:add,[参数]:',NULL,'2016-10-19 17:55:09'),(731,'admin','admin','[类名]:com.mrbt.insurance.webset.controller.EmployeeControlller,[方法]:add,[参数]:',NULL,'2016-10-19 17:56:21'),(732,'admin','admin','[类名]:com.mrbt.insurance.webset.controller.EmployeeControlller,[方法]:addPage,[参数]:',NULL,'2016-10-20 08:56:37'),(733,'admin','admin','[类名]:com.mrbt.insurance.webset.controller.EmployeeControlller,[方法]:add,[参数]:ename=李四&sex=0&entryTime=&estats=0&departureTime=&birthday=&resume=1111&','0:0:0:0:0:0:0:1','2016-10-20 08:56:57'),(734,'admin','admin','[类名]:com.mrbt.insurance.admin.controller.LoginController,[方法]:login,[参数]:',NULL,'2016-10-20 09:01:44'),(735,'admin','admin','[类名]:com.mrbt.insurance.webset.controller.EmployeeControlller,[方法]:editPage,[参数]:id=1&_=1476925817585&','0:0:0:0:0:0:0:1','2016-10-20 09:10:27'),(736,'admin','admin','[类名]:com.mrbt.insurance.webset.controller.EmployeeControlller,[方法]:editPage,[参数]:id=1&_=1476927251624&','0:0:0:0:0:0:0:1','2016-10-20 09:34:20'),(737,'admin','admin','[类名]:com.mrbt.insurance.webset.controller.EmployeeControlller,[方法]:editPage,[参数]:id=1&_=1476927251626&','0:0:0:0:0:0:0:1','2016-10-20 09:35:30'),(738,'admin','admin','[类名]:com.mrbt.insurance.webset.controller.EmployeeControlller,[方法]:editPage,[参数]:id=1&_=1476927450228&','0:0:0:0:0:0:0:1','2016-10-20 09:37:39'),(739,'admin','admin','[类名]:com.mrbt.insurance.webset.controller.EmployeeControlller,[方法]:editPage,[参数]:id=1&_=1476927612664&','0:0:0:0:0:0:0:1','2016-10-20 09:40:21'),(740,'admin','admin','[类名]:com.mrbt.insurance.webset.controller.EmployeeControlller,[方法]:editPage,[参数]:id=1&_=1476927638156&','0:0:0:0:0:0:0:1','2016-10-20 09:40:46'),(741,'admin','admin','[类名]:com.mrbt.insurance.webset.controller.EmployeeControlller,[方法]:editPage,[参数]:id=1&_=1476928030820&','0:0:0:0:0:0:0:1','2016-10-20 09:47:19'),(742,'admin','admin','[类名]:com.mrbt.insurance.webset.controller.EmployeeControlller,[方法]:editPage,[参数]:id=1&_=1476928139409&','0:0:0:0:0:0:0:1','2016-10-20 09:49:09'),(743,'admin','admin','[类名]:com.mrbt.insurance.webset.controller.EmployeeControlller,[方法]:editPage,[参数]:id=1&_=1476928304725&','0:0:0:0:0:0:0:1','2016-10-20 09:51:53'),(744,'admin','admin','[类名]:com.mrbt.insurance.webset.controller.EmployeeControlller,[方法]:editPage,[参数]:id=1&_=1476928304727&','0:0:0:0:0:0:0:1','2016-10-20 09:54:13'),(745,'admin','admin','[类名]:com.mrbt.insurance.webset.controller.EmployeeControlller,[方法]:editPage,[参数]:id=1&_=1476928646591&','0:0:0:0:0:0:0:1','2016-10-20 09:57:35'),(746,'admin','admin','[类名]:com.mrbt.insurance.webset.controller.EmployeeControlller,[方法]:editPage,[参数]:id=1&_=1476928675296&','0:0:0:0:0:0:0:1','2016-10-20 09:58:03'),(747,'admin','admin','[类名]:com.mrbt.insurance.webset.controller.EmployeeControlller,[方法]:editPage,[参数]:id=1&_=1476928785801&','0:0:0:0:0:0:0:1','2016-10-20 09:59:55'),(748,'admin','admin','[类名]:com.mrbt.insurance.webset.controller.EmployeeControlller,[方法]:edit,[参数]:id=1&ename=张三&sex=1&entryTime=&estats=1&employeeInfo.departureTime=&birthday=&resume=111&','0:0:0:0:0:0:0:1','2016-10-20 09:59:57'),(749,'admin','admin','[类名]:com.mrbt.insurance.webset.controller.EmployeeControlller,[方法]:editPage,[参数]:id=1&_=1476929776506&','0:0:0:0:0:0:0:1','2016-10-20 10:16:24'),(750,'admin','admin','[类名]:com.mrbt.insurance.webset.controller.EmployeeControlller,[方法]:edit,[参数]:id=1&ename=张三&sex=1&entryTime=&estats=1&employeeInfo.departureTime=&birthday=&resume=111&','0:0:0:0:0:0:0:1','2016-10-20 10:16:29'),(751,'admin','admin','[类名]:com.mrbt.insurance.webset.controller.EmployeeControlller,[方法]:editPage,[参数]:id=1&_=1476929898913&','0:0:0:0:0:0:0:1','2016-10-20 10:18:28'),(752,'admin','admin','[类名]:com.mrbt.insurance.webset.controller.EmployeeControlller,[方法]:edit,[参数]:id=1&ename=张三&sex=1&entryTime=&estats=1&employeeInfo.departureTime=&birthday=&resume=111&','0:0:0:0:0:0:0:1','2016-10-20 10:18:29'),(753,'admin','admin','[类名]:com.mrbt.insurance.webset.controller.EmployeeControlller,[方法]:editPage,[参数]:id=1&_=1476930611495&','0:0:0:0:0:0:0:1','2016-10-20 10:30:20'),(754,'admin','admin','[类名]:com.mrbt.insurance.webset.controller.EmployeeControlller,[方法]:editPage,[参数]:id=1&_=1476930787461&','0:0:0:0:0:0:0:1','2016-10-20 10:33:16'),(755,'admin','admin','[类名]:com.mrbt.insurance.webset.controller.EmployeeControlller,[方法]:editPage,[参数]:id=1&_=1476931362585&','0:0:0:0:0:0:0:1','2016-10-20 10:42:50'),(756,'admin','admin','[类名]:com.mrbt.insurance.webset.controller.EmployeeControlller,[方法]:editPage,[参数]:id=1&_=1476931362588&','0:0:0:0:0:0:0:1','2016-10-20 10:43:00'),(757,'admin','admin','[类名]:com.mrbt.insurance.webset.controller.EmployeeControlller,[方法]:editPage,[参数]:id=1&_=1476931385132&','0:0:0:0:0:0:0:1','2016-10-20 10:43:15'),(758,'admin','admin','[类名]:com.mrbt.insurance.webset.controller.EmployeeControlller,[方法]:edit,[参数]:id=1&ename=张三&sex=1&entryTime=&estats=0&employeeInfo.departureTime=&birthday=&resume=&','0:0:0:0:0:0:0:1','2016-10-20 10:43:16'),(759,'admin','admin','[类名]:com.mrbt.insurance.webset.controller.EmployeeControlller,[方法]:editPage,[参数]:id=1&_=1476931385135&','0:0:0:0:0:0:0:1','2016-10-20 10:43:32'),(760,'admin','admin','[类名]:com.mrbt.insurance.webset.controller.EmployeeControlller,[方法]:editPage,[参数]:id=aacc90b9-d9c0-43ee-9564-cabd94cf9fb0&_=1476931412008&','0:0:0:0:0:0:0:1','2016-10-20 10:43:56'),(761,'admin','admin','[类名]:com.mrbt.insurance.webset.controller.EmployeeControlller,[方法]:editPage,[参数]:id=1&_=1476931412011&','0:0:0:0:0:0:0:1','2016-10-20 10:44:00'),(762,'admin','admin','[类名]:com.mrbt.insurance.webset.controller.EmployeeControlller,[方法]:editPage,[参数]:id=aacc90b9-d9c0-43ee-9564-cabd94cf9fb0&_=1476931412014&','0:0:0:0:0:0:0:1','2016-10-20 10:44:06'),(763,'admin','admin','[类名]:com.mrbt.insurance.webset.controller.EmployeeControlller,[方法]:editPage,[参数]:id=aacc90b9-d9c0-43ee-9564-cabd94cf9fb0&_=1476931450017&','0:0:0:0:0:0:0:1','2016-10-20 10:44:54'),(764,'admin','admin','[类名]:com.mrbt.insurance.webset.controller.EmployeeControlller,[方法]:editPage,[参数]:id=1&_=1476931450020&','0:0:0:0:0:0:0:1','2016-10-20 10:45:01'),(765,'admin','admin','[类名]:com.mrbt.insurance.webset.controller.EmployeeControlller,[方法]:editPage,[参数]:id=1&_=1476931555616&','0:0:0:0:0:0:0:1','2016-10-20 10:46:06'),(766,'admin','admin','[类名]:com.mrbt.insurance.webset.controller.EmployeeControlller,[方法]:editPage,[参数]:id=1&_=1476931555619&','0:0:0:0:0:0:0:1','2016-10-20 10:46:15'),(767,'admin','admin','[类名]:com.mrbt.insurance.webset.controller.EmployeeControlller,[方法]:editPage,[参数]:id=1&_=1476931621287&','0:0:0:0:0:0:0:1','2016-10-20 10:47:09'),(768,'admin','admin','[类名]:com.mrbt.insurance.webset.controller.EmployeeControlller,[方法]:editPage,[参数]:id=1&_=1476931621290&','0:0:0:0:0:0:0:1','2016-10-20 10:47:10'),(769,'admin','admin','[类名]:com.mrbt.insurance.webset.controller.EmployeeControlller,[方法]:editPage,[参数]:id=1&_=1476932279288&','0:0:0:0:0:0:0:1','2016-10-20 10:58:08'),(770,'admin','admin','[类名]:com.mrbt.insurance.webset.controller.EmployeeControlller,[方法]:editPage,[参数]:id=1&_=1476932312877&','0:0:0:0:0:0:0:1','2016-10-20 10:58:43'),(771,'admin','admin','[类名]:com.mrbt.insurance.webset.controller.EmployeeControlller,[方法]:edit,[参数]:id=1&ename=张三&sex=1&entryTime=&estats=1&employeeInfo.departureTime=&birthday=&resume=111&','0:0:0:0:0:0:0:1','2016-10-20 10:58:45'),(772,'admin','admin','[类名]:com.mrbt.insurance.webset.controller.EmployeeControlller,[方法]:editPage,[参数]:id=1&_=1476932340219&','0:0:0:0:0:0:0:1','2016-10-20 10:59:11'),(773,'admin','admin','[类名]:com.mrbt.insurance.webset.controller.EmployeeControlller,[方法]:editPage,[参数]:id=1&_=1476932398665&','0:0:0:0:0:0:0:1','2016-10-20 11:00:16'),(774,'admin','admin','[类名]:com.mrbt.insurance.webset.controller.EmployeeControlller,[方法]:editPage,[参数]:id=1&_=1476932738307&','0:0:0:0:0:0:0:1','2016-10-20 11:05:47'),(775,'admin','admin','[类名]:com.mrbt.insurance.webset.controller.EmployeeControlller,[方法]:editPage,[参数]:id=1&_=1476932914541&','0:0:0:0:0:0:0:1','2016-10-20 11:08:43'),(776,'admin','admin','[类名]:com.mrbt.insurance.webset.controller.EmployeeControlller,[方法]:editPage,[参数]:id=1&_=1476932989004&','0:0:0:0:0:0:0:1','2016-10-20 11:09:57'),(777,'admin','admin','[类名]:com.mrbt.insurance.webset.controller.EmployeeControlller,[方法]:editPage,[参数]:id=1&_=1476933382007&','0:0:0:0:0:0:0:1','2016-10-20 11:16:30'),(778,'admin','admin','[类名]:com.mrbt.insurance.webset.controller.EmployeeControlller,[方法]:editPage,[参数]:id=1&_=1476933568872&','0:0:0:0:0:0:0:1','2016-10-20 11:19:39'),(779,'admin','admin','[类名]:com.mrbt.insurance.webset.controller.EmployeeControlller,[方法]:editPage,[参数]:id=aacc90b9-d9c0-43ee-9564-cabd94cf9fb0&_=1476933382010&','0:0:0:0:0:0:0:1','2016-10-20 11:32:06'),(780,'admin','admin','[类名]:com.mrbt.insurance.webset.controller.EmployeeControlller,[方法]:addPage,[参数]:',NULL,'2016-10-20 11:32:18'),(781,'admin','admin','[类名]:com.mrbt.insurance.webset.controller.EmployeeControlller,[方法]:editPage,[参数]:id=1&_=1476933382015&','0:0:0:0:0:0:0:1','2016-10-20 11:38:29'),(782,'admin','admin','[类名]:com.mrbt.insurance.webset.controller.EmployeeControlller,[方法]:editPage,[参数]:id=1&_=1476935827978&','0:0:0:0:0:0:0:1','2016-10-20 11:57:18'),(783,'admin','admin','[类名]:com.mrbt.insurance.webset.controller.EmployeeControlller,[方法]:editPage,[参数]:id=1&_=1476935860527&','0:0:0:0:0:0:0:1','2016-10-20 11:57:49'),(784,'admin','admin','[类名]:com.mrbt.insurance.webset.controller.EmployeeControlller,[方法]:editPage,[参数]:id=1&_=1476935940456&','0:0:0:0:0:0:0:1','2016-10-20 11:59:09'),(785,'admin','admin','[类名]:com.mrbt.insurance.webset.controller.EmployeeControlller,[方法]:editPage,[参数]:id=1&_=1476935970233&','0:0:0:0:0:0:0:1','2016-10-20 11:59:44'),(786,'admin','admin','[类名]:com.mrbt.insurance.webset.controller.EmployeeControlller,[方法]:editPage,[参数]:id=1&_=1476936095585&','0:0:0:0:0:0:0:1','2016-10-20 12:01:45'),(787,'admin','admin','[类名]:com.mrbt.insurance.webset.controller.EmployeeControlller,[方法]:editPage,[参数]:id=1&_=1476936159371&','0:0:0:0:0:0:0:1','2016-10-20 12:02:49'),(788,'admin','admin','[类名]:com.mrbt.insurance.webset.controller.EmployeeControlller,[方法]:editPage,[参数]:id=1&_=1476936194032&','0:0:0:0:0:0:0:1','2016-10-20 12:03:24'),(789,'admin','admin','[类名]:com.mrbt.insurance.webset.controller.EmployeeControlller,[方法]:editPage,[参数]:id=1&_=1476936452289&','0:0:0:0:0:0:0:1','2016-10-20 12:07:44'),(790,'admin','admin','[类名]:com.mrbt.insurance.webset.controller.EmployeeControlller,[方法]:editPage,[参数]:id=1&_=1476940717924&','0:0:0:0:0:0:0:1','2016-10-20 13:18:47'),(791,'admin','admin','[类名]:com.mrbt.insurance.webset.controller.EmployeeControlller,[方法]:editPage,[参数]:id=1&_=1476940769662&','0:0:0:0:0:0:0:1','2016-10-20 13:19:38'),(792,'admin','admin','[类名]:com.mrbt.insurance.webset.controller.EmployeeControlller,[方法]:edit,[参数]:id=1&entryTime=&ename=张三&sex=1&estats=1&employeeInfo.departureTime=&birthday=&resume=111&','0:0:0:0:0:0:0:1','2016-10-20 13:19:40'),(793,'admin','admin','[类名]:com.mrbt.insurance.webset.controller.EmployeeControlller,[方法]:editPage,[参数]:id=1&_=1476940847847&','0:0:0:0:0:0:0:1','2016-10-20 13:20:57'),(794,'admin','admin','[类名]:com.mrbt.insurance.webset.controller.EmployeeControlller,[方法]:editPage,[参数]:id=1&_=1476940919285&','0:0:0:0:0:0:0:1','2016-10-20 13:22:08'),(795,'admin','admin','[类名]:com.mrbt.insurance.webset.controller.EmployeeControlller,[方法]:editPage,[参数]:id=1&_=1476940971369&','0:0:0:0:0:0:0:1','2016-10-20 13:23:01'),(796,'admin','admin','[类名]:com.mrbt.insurance.webset.controller.EmployeeControlller,[方法]:editPage,[参数]:id=1&_=1476941090790&','0:0:0:0:0:0:0:1','2016-10-20 13:24:59'),(797,'admin','admin','[类名]:com.mrbt.insurance.webset.controller.EmployeeControlller,[方法]:editPage,[参数]:id=1&_=1476941090793&','0:0:0:0:0:0:0:1','2016-10-20 13:25:04'),(798,'admin','admin','[类名]:com.mrbt.insurance.webset.controller.EmployeeControlller,[方法]:editPage,[参数]:id=1&_=1476941143373&','0:0:0:0:0:0:0:1','2016-10-20 13:25:54'),(799,'admin','admin','[类名]:com.mrbt.insurance.webset.controller.EmployeeControlller,[方法]:editPage,[参数]:id=1&_=1476941895041&','0:0:0:0:0:0:0:1','2016-10-20 13:39:14'),(800,'admin','admin','[类名]:com.mrbt.insurance.webset.controller.EmployeeControlller,[方法]:addPage,[参数]:',NULL,'2016-10-20 13:39:34'),(801,'admin','admin','[类名]:com.mrbt.insurance.webset.controller.EmployeeControlller,[方法]:editPage,[参数]:id=1&_=1476941895046&','0:0:0:0:0:0:0:1','2016-10-20 13:39:39'),(802,'admin','admin','[类名]:com.mrbt.insurance.webset.controller.EmployeeControlller,[方法]:editPage,[参数]:id=1&_=1476941895049&','0:0:0:0:0:0:0:1','2016-10-20 13:41:30'),(803,'admin','admin','[类名]:com.mrbt.insurance.webset.controller.EmployeeControlller,[方法]:editPage,[参数]:id=1&_=1476942878055&','0:0:0:0:0:0:0:1','2016-10-20 13:54:47'),(804,'admin','admin','[类名]:com.mrbt.insurance.webset.controller.EmployeeControlller,[方法]:editPage,[参数]:id=1&_=1476943968276&','0:0:0:0:0:0:0:1','2016-10-20 14:12:57'),(805,'admin','admin','[类名]:com.mrbt.insurance.admin.controller.LoginController,[方法]:login,[参数]:',NULL,'2016-10-20 14:13:39'),(806,'admin','admin','[类名]:com.mrbt.insurance.webset.controller.EmployeeControlller,[方法]:editPage,[参数]:id=1&_=1476944577803&','0:0:0:0:0:0:0:1','2016-10-20 14:23:09'),(807,'admin','admin','[类名]:com.mrbt.insurance.admin.controller.RoleController,[方法]:editPage,[参数]:id=1&_=1476944602061&','0:0:0:0:0:0:0:1','2016-10-20 14:24:32'),(808,'admin','admin','[类名]:com.mrbt.insurance.admin.controller.RoleController,[方法]:editPage,[参数]:id=8&_=1476944602062&','0:0:0:0:0:0:0:1','2016-10-20 14:24:38'),(809,'admin','admin','[类名]:com.mrbt.insurance.admin.controller.RoleController,[方法]:edit,[参数]:id=8&name=测试账户&seq=0&status=0&description=测试账户1&','0:0:0:0:0:0:0:1','2016-10-20 14:24:42'),(810,'admin','admin','[类名]:com.mrbt.insurance.webset.controller.EmployeeControlller,[方法]:editPage,[参数]:id=1&_=1476945128540&','0:0:0:0:0:0:0:1','2016-10-20 14:32:17'),(811,'admin','admin','[类名]:com.mrbt.insurance.webset.controller.EmployeeControlller,[方法]:editPage,[参数]:id=1&_=1476945251277&','0:0:0:0:0:0:0:1','2016-10-20 14:34:23'),(812,'admin','admin','[类名]:com.mrbt.insurance.webset.controller.EmployeeControlller,[方法]:edit,[参数]:id=1&ename=张三&sex=1&estats=1&employeeInfo.departureTime=&birthday=&resume=111&','0:0:0:0:0:0:0:1','2016-10-20 14:34:25'),(813,'admin','admin','[类名]:com.mrbt.insurance.webset.controller.EmployeeControlller,[方法]:edit,[参数]:id=1&ename=张三&sex=1&estats=1&employeeInfo.departureTime=&birthday=&resume=111&','0:0:0:0:0:0:0:1','2016-10-20 14:34:27'),(814,'admin','admin','[类名]:com.mrbt.insurance.webset.controller.EmployeeControlller,[方法]:addPage,[参数]:',NULL,'2016-10-20 14:36:18'),(815,'admin','admin','[类名]:com.mrbt.insurance.webset.controller.EmployeeControlller,[方法]:add,[参数]:ename=1123&sex=0&entryTime=&estats=0&departureTime=&birthday=&resume=&','0:0:0:0:0:0:0:1','2016-10-20 14:36:27'),(816,'admin','admin','[类名]:com.mrbt.insurance.webset.controller.EmployeeControlller,[方法]:editPage,[参数]:id=1&_=1476945368980&','0:0:0:0:0:0:0:1','2016-10-20 14:36:30'),(817,'admin','admin','[类名]:com.mrbt.insurance.webset.controller.EmployeeControlller,[方法]:edit,[参数]:id=1&ename=张三&sex=1&estats=1&employeeInfo.departureTime=&birthday=&resume=111&','0:0:0:0:0:0:0:1','2016-10-20 14:36:32'),(818,'admin','admin','[类名]:com.mrbt.insurance.webset.controller.EmployeeControlller,[方法]:editPage,[参数]:id=1&_=1476945454425&','0:0:0:0:0:0:0:1','2016-10-20 14:37:43'),(819,'admin','admin','[类名]:com.mrbt.insurance.webset.controller.EmployeeControlller,[方法]:edit,[参数]:id=1&ename=张三&sex=1&estats=1&employeeInfo.departureTime=&birthday=&resume=111&','0:0:0:0:0:0:0:1','2016-10-20 14:37:44'),(820,'admin','admin','[类名]:com.mrbt.insurance.webset.controller.EmployeeControlller,[方法]:edit,[参数]:id=1&ename=张三&sex=1&estats=1&employeeInfo.departureTime=&birthday=&resume=111&','0:0:0:0:0:0:0:1','2016-10-20 14:38:09'),(821,'admin','admin','[类名]:com.mrbt.insurance.webset.controller.EmployeeControlller,[方法]:edit,[参数]:id=1&ename=张三&sex=1&estats=1&employeeInfo.departureTime=&birthday=&resume=111&','0:0:0:0:0:0:0:1','2016-10-20 14:39:11'),(822,'admin','admin','[类名]:com.mrbt.insurance.webset.controller.EmployeeControlller,[方法]:editPage,[参数]:id=1&_=1476945454428&','0:0:0:0:0:0:0:1','2016-10-20 14:46:36'),(823,'admin','admin','[类名]:com.mrbt.insurance.webset.controller.EmployeeControlller,[方法]:editPage,[参数]:id=1&_=1476946349622&','0:0:0:0:0:0:0:1','2016-10-20 14:52:38'),(824,'admin','admin','[类名]:com.mrbt.insurance.webset.controller.EmployeeControlller,[方法]:editPage,[参数]:id=1&_=1476946394098&','0:0:0:0:0:0:0:1','2016-10-20 14:53:23'),(825,'admin','admin','[类名]:com.mrbt.insurance.webset.controller.EmployeeControlller,[方法]:editPage,[参数]:id=1&_=1476946477323&','0:0:0:0:0:0:0:1','2016-10-20 14:54:48'),(826,'admin','admin','[类名]:com.mrbt.insurance.webset.controller.EmployeeControlller,[方法]:editPage,[参数]:id=1&_=1476946536900&','0:0:0:0:0:0:0:1','2016-10-20 14:55:46'),(827,'admin','admin','[类名]:com.mrbt.insurance.webset.controller.EmployeeControlller,[方法]:editPage,[参数]:id=1&_=1476948008855&','0:0:0:0:0:0:0:1','2016-10-20 15:20:18'),(828,'admin','admin','[类名]:com.mrbt.insurance.webset.controller.EmployeeControlller,[方法]:editPage,[参数]:id=1&_=1476948089738&','0:0:0:0:0:0:0:1','2016-10-20 15:21:39'),(829,'admin','admin','[类名]:com.mrbt.insurance.webset.controller.EmployeeControlller,[方法]:edit,[参数]:id=1&ename=张三&sex=1&estats=1&employeeInfo.departureTime=&birthday=&resume=111&','0:0:0:0:0:0:0:1','2016-10-20 15:22:06'),(830,'admin','admin','[类名]:com.mrbt.insurance.webset.controller.EmployeeControlller,[方法]:addPage,[参数]:',NULL,'2016-10-20 15:22:29'),(831,'admin','admin','[类名]:com.mrbt.insurance.webset.controller.EmployeeControlller,[方法]:add,[参数]:ename=李四&sex=0&entryTime=&estats=0&departureTime=&birthday=&resume=&','0:0:0:0:0:0:0:1','2016-10-20 15:22:35'),(832,'admin','admin','[类名]:com.mrbt.insurance.webset.controller.EmployeeControlller,[方法]:addPage,[参数]:',NULL,'2016-10-20 15:26:00'),(833,'admin','admin','[类名]:com.mrbt.insurance.webset.controller.EmployeeControlller,[方法]:add,[参数]:ename=李四&sex=0&entryTime=&estats=0&departureTime=&birthday=&resume=&','0:0:0:0:0:0:0:1','2016-10-20 15:26:05'),(834,'admin','admin','[类名]:com.mrbt.insurance.webset.controller.EmployeeControlller,[方法]:editPage,[参数]:id=1&_=1476948350079&','0:0:0:0:0:0:0:1','2016-10-20 15:29:02'),(835,'admin','admin','[类名]:com.mrbt.insurance.webset.controller.EmployeeControlller,[方法]:edit,[参数]:id=1&ename=张三&sex=1&estats=1&employeeInfo.departureTime=&birthday=&resume=111&','0:0:0:0:0:0:0:1','2016-10-20 15:29:05'),(836,'admin','admin','[类名]:com.mrbt.insurance.webset.controller.EmployeeControlller,[方法]:editPage,[参数]:id=1&_=1476948350082&','0:0:0:0:0:0:0:1','2016-10-20 15:29:13'),(837,'admin','admin','[类名]:com.mrbt.insurance.webset.controller.EmployeeControlller,[方法]:edit,[参数]:id=1&ename=张三&sex=1&estats=1&employeeInfo.departureTime=&birthday=&resume=2222&','0:0:0:0:0:0:0:1','2016-10-20 15:29:17'),(838,'admin','admin','[类名]:com.mrbt.insurance.webset.controller.EmployeeControlller,[方法]:addPage,[参数]:',NULL,'2016-10-20 15:29:29'),(839,'admin','admin','[类名]:com.mrbt.insurance.webset.controller.EmployeeControlller,[方法]:add,[参数]:ename=122123&sex=0&entryTime=&estats=0&departureTime=&birthday=&resume=&','0:0:0:0:0:0:0:1','2016-10-20 15:29:34'),(840,'admin','admin','[类名]:com.mrbt.insurance.webset.controller.EmployeeControlller,[方法]:add,[参数]:ename=122123&sex=0&entryTime=&estats=0&departureTime=&birthday=&resume=&','0:0:0:0:0:0:0:1','2016-10-20 15:29:43'),(841,'admin','admin','[类名]:com.mrbt.insurance.webset.controller.EmployeeControlller,[方法]:addPage,[参数]:',NULL,'2016-10-20 15:31:12'),(842,'admin','admin','[类名]:com.mrbt.insurance.webset.controller.EmployeeControlller,[方法]:add,[参数]:id=&ename=李四&sex=0&entryTime=&estats=0&departureTime=&birthday=&resume=&','0:0:0:0:0:0:0:1','2016-10-20 15:31:19'),(843,'admin','admin','[类名]:com.mrbt.insurance.webset.controller.EmployeeControlller,[方法]:add,[参数]:id=&ename=李四&sex=0&entryTime=&estats=0&departureTime=&birthday=&resume=&','0:0:0:0:0:0:0:1','2016-10-20 15:31:21'),(844,'admin','admin','[类名]:com.mrbt.insurance.webset.controller.EmployeeControlller,[方法]:addPage,[参数]:',NULL,'2016-10-20 15:32:07'),(845,'admin','admin','[类名]:com.mrbt.insurance.webset.controller.EmployeeControlller,[方法]:add,[参数]:id=&ename=王五&sex=0&entryTime=&estats=0&departureTime=&birthday=&resume=&','0:0:0:0:0:0:0:1','2016-10-20 15:32:13'),(846,'admin','admin','[类名]:com.mrbt.insurance.webset.controller.EmployeeControlller,[方法]:addPage,[参数]:',NULL,'2016-10-20 15:37:25'),(847,'admin','admin','[类名]:com.mrbt.insurance.webset.controller.EmployeeControlller,[方法]:add,[参数]:ename=王五&sex=0&entryTime=&estats=0&departureTime=&birthday=&resume=&','0:0:0:0:0:0:0:1','2016-10-20 15:37:30'),(848,'admin','admin','[类名]:com.mrbt.insurance.webset.controller.EmployeeControlller,[方法]:addPage,[参数]:',NULL,'2016-10-20 15:49:58'),(849,'admin','admin','[类名]:com.mrbt.insurance.webset.controller.EmployeeControlller,[方法]:add,[参数]:ename=王五&sex=0&entryTime=&estats=0&departureTime=&birthday=&resume=&','0:0:0:0:0:0:0:1','2016-10-20 15:50:19'),(850,'admin','admin','[类名]:com.mrbt.insurance.webset.controller.EmployeeControlller,[方法]:addPage,[参数]:',NULL,'2016-10-20 15:52:35'),(851,'admin','admin','[类名]:com.mrbt.insurance.webset.controller.EmployeeControlller,[方法]:add,[参数]:ename=王五&sex=0&entryTime=&estats=0&departureTime=&birthday=&resume=&','0:0:0:0:0:0:0:1','2016-10-20 15:52:42'),(852,'admin','admin','[类名]:com.mrbt.insurance.webset.controller.EmployeeControlller,[方法]:addPage,[参数]:',NULL,'2016-10-20 16:15:43'),(853,'admin','admin','[类名]:com.mrbt.insurance.webset.controller.EmployeeControlller,[方法]:add,[参数]:ename=王五&sex=0&entryTime=&estats=0&departureTime=&birthday=&resume=&','0:0:0:0:0:0:0:1','2016-10-20 16:15:48'),(854,'admin','admin','[类名]:com.mrbt.insurance.webset.controller.EmployeeControlller,[方法]:add,[参数]:ename=王五&sex=0&entryTime=&estats=0&departureTime=&birthday=&resume=&','0:0:0:0:0:0:0:1','2016-10-20 16:15:50'),(855,'admin','admin','[类名]:com.mrbt.insurance.webset.controller.EmployeeControlller,[方法]:add,[参数]:ename=王五&sex=0&entryTime=&estats=0&departureTime=&birthday=&resume=&','0:0:0:0:0:0:0:1','2016-10-20 16:15:51'),(856,'admin','admin','[类名]:com.mrbt.insurance.webset.controller.EmployeeControlller,[方法]:addPage,[参数]:',NULL,'2016-10-20 16:18:02'),(857,'admin','admin','[类名]:com.mrbt.insurance.webset.controller.EmployeeControlller,[方法]:addPage,[参数]:',NULL,'2016-10-20 16:31:51'),(858,'admin','admin','[类名]:com.mrbt.insurance.webset.controller.EmployeeControlller,[方法]:add,[参数]:ename=qwe&sex=0&entryTime=&estats=0&departureTime=&birthday=&resume=&','0:0:0:0:0:0:0:1','2016-10-20 16:31:59'),(859,'admin','admin','[类名]:com.mrbt.insurance.webset.controller.EmployeeControlller,[方法]:addPage,[参数]:',NULL,'2016-10-20 16:34:39'),(860,'admin','admin','[类名]:com.mrbt.insurance.webset.controller.EmployeeControlller,[方法]:add,[参数]:ename=sada&sex=0&entryTime=&estats=0&departureTime=&birthday=&resume=&','0:0:0:0:0:0:0:1','2016-10-20 16:34:43'),(861,'admin','admin','[类名]:com.mrbt.insurance.webset.controller.EmployeeControlller,[方法]:addPage,[参数]:',NULL,'2016-10-20 16:36:54'),(862,'admin','admin','[类名]:com.mrbt.insurance.webset.controller.EmployeeControlller,[方法]:add,[参数]:ename=wqewqe&sex=0&entryTime=&estats=0&departureTime=&birthday=&resume=&','0:0:0:0:0:0:0:1','2016-10-20 16:36:56'),(863,'admin','admin','[类名]:com.mrbt.insurance.webset.controller.EmployeeControlller,[方法]:add,[参数]:ename=wqewqe&sex=0&entryTime=&estats=0&departureTime=&birthday=&resume=&','0:0:0:0:0:0:0:1','2016-10-20 16:36:58'),(864,'admin','admin','[类名]:com.mrbt.insurance.webset.controller.EmployeeControlller,[方法]:add,[参数]:ename=213&sex=0&entryTime=&estats=0&departureTime=&birthday=&resume=&','0:0:0:0:0:0:0:1','2016-10-20 16:37:36'),(865,'admin','admin','[类名]:com.mrbt.insurance.webset.controller.EmployeeControlller,[方法]:addPage,[参数]:',NULL,'2016-10-20 16:48:02'),(866,'admin','admin','[类名]:com.mrbt.insurance.webset.controller.EmployeeControlller,[方法]:add,[参数]:ename=qweqwe&sex=0&entryTime=&estats=0&departureTime=&birthday=&resume=&','0:0:0:0:0:0:0:1','2016-10-20 16:48:07'),(867,'admin','admin','[类名]:com.mrbt.insurance.webset.controller.EmployeeControlller,[方法]:addPage,[参数]:',NULL,'2016-10-20 16:49:27'),(868,'admin','admin','[类名]:com.mrbt.insurance.webset.controller.EmployeeControlller,[方法]:add,[参数]:ename=213123&sex=0&entryTime=&estats=0&departureTime=&birthday=&resume=&','0:0:0:0:0:0:0:1','2016-10-20 16:49:31'),(869,'admin','admin','[类名]:com.mrbt.insurance.webset.controller.EmployeeControlller,[方法]:add,[参数]:ename=213123&sex=0&entryTime=&estats=0&departureTime=&birthday=&resume=&','0:0:0:0:0:0:0:1','2016-10-20 16:49:43'),(870,'admin','admin','[类名]:com.mrbt.insurance.webset.controller.EmployeeControlller,[方法]:addPage,[参数]:',NULL,'2016-10-20 16:51:24'),(871,'admin','admin','[类名]:com.mrbt.insurance.webset.controller.EmployeeControlller,[方法]:add,[参数]:ename=21312442343&sex=0&entryTime=&estats=0&departureTime=&birthday=&resume=&','0:0:0:0:0:0:0:1','2016-10-20 16:51:29'),(872,'admin','admin','[类名]:com.mrbt.insurance.webset.controller.EmployeeControlller,[方法]:addPage,[参数]:',NULL,'2016-10-20 16:52:48'),(873,'admin','admin','[类名]:com.mrbt.insurance.webset.controller.EmployeeControlller,[方法]:add,[参数]:ename=asdadasd&sex=0&entryTime=&estats=0&departureTime=&birthday=&resume=&','0:0:0:0:0:0:0:1','2016-10-20 16:52:53'),(874,'admin','admin','[类名]:com.mrbt.insurance.webset.controller.EmployeeControlller,[方法]:addPage,[参数]:',NULL,'2016-10-20 16:53:43'),(875,'admin','admin','[类名]:com.mrbt.insurance.webset.controller.EmployeeControlller,[方法]:add,[参数]:ename=ghjghjgj&sex=0&entryTime=&estats=0&departureTime=&birthday=&resume=&','0:0:0:0:0:0:0:1','2016-10-20 16:53:49'),(876,'admin','admin','[类名]:com.mrbt.insurance.webset.controller.CompanyController,[方法]:add,[参数]:null','192.168.1.170','2016-10-20 17:21:07'),(877,'admin','admin','[类名]:com.mrbt.insurance.webset.controller.CompanyController,[方法]:add,[参数]:null','192.168.1.170','2016-10-20 17:26:59'),(878,'admin','admin','[类名]:com.mrbt.insurance.webset.controller.CompanyController,[方法]:add,[参数]:null','192.168.1.170','2016-10-20 17:28:02'),(879,'admin','admin','[类名]:com.mrbt.insurance.webset.controller.CompanyController,[方法]:add,[参数]:null','192.168.1.170','2016-10-20 17:30:48'),(880,'admin','admin','[类名]:com.mrbt.insurance.webset.controller.EmployeeControlller,[方法]:delete,[参数]:id=07d3045a-121e-41f9-8298-45c9516308c0&','0:0:0:0:0:0:0:1','2016-10-20 17:34:39'),(881,'admin','admin','[类名]:com.mrbt.insurance.webset.controller.EmployeeControlller,[方法]:delete,[参数]:id=0fc28d13-6283-4d73-84cf-b1222ed6e679&','0:0:0:0:0:0:0:1','2016-10-20 17:34:44'),(882,'admin','admin','[类名]:com.mrbt.insurance.webset.controller.EmployeeControlller,[方法]:addPage,[参数]:',NULL,'2016-10-20 17:34:47'),(883,'admin','admin','[类名]:com.mrbt.insurance.webset.controller.EmployeeControlller,[方法]:delete,[参数]:id=31b264eb-7346-487a-9ff4-fda970605b88&','0:0:0:0:0:0:0:1','2016-10-20 17:36:06'),(884,'admin','admin','[类名]:com.mrbt.insurance.webset.controller.EmployeeControlller,[方法]:delete,[参数]:id=c23d3a36-ab01-462f-9085-f48bc7e63b69&','0:0:0:0:0:0:0:1','2016-10-20 17:36:09'),(885,'admin','admin','[类名]:com.mrbt.insurance.webset.controller.EmployeeControlller,[方法]:delete,[参数]:id=5441088c-675c-42b1-86ab-15706963c8b7&','0:0:0:0:0:0:0:1','2016-10-20 17:36:11'),(886,'admin','admin','[类名]:com.mrbt.insurance.webset.controller.EmployeeControlller,[方法]:delete,[参数]:id=5&','0:0:0:0:0:0:0:1','2016-10-20 17:36:13'),(887,'admin','admin','[类名]:com.mrbt.insurance.webset.controller.EmployeeControlller,[方法]:delete,[参数]:id=4&','0:0:0:0:0:0:0:1','2016-10-20 17:36:15'),(888,'admin','admin','[类名]:com.mrbt.insurance.webset.controller.EmployeeControlller,[方法]:delete,[参数]:id=3a682c95-fc3e-4ffc-b8d5-5fe39995abb6&','0:0:0:0:0:0:0:1','2016-10-20 17:36:18'),(889,'admin','admin','[类名]:com.mrbt.insurance.webset.controller.EmployeeControlller,[方法]:delete,[参数]:id=388b08cc-3ca2-4110-b296-7bbefe4983e8&','0:0:0:0:0:0:0:1','2016-10-20 17:36:20'),(890,'admin','admin','[类名]:com.mrbt.insurance.webset.controller.EmployeeControlller,[方法]:editPage,[参数]:id=3347c515-4ace-4161-9718-9ae7f4af37f7&_=1476956117103&','0:0:0:0:0:0:0:1','2016-10-20 17:36:22'),(891,'admin','admin','[类名]:com.mrbt.insurance.webset.controller.EmployeeControlller,[方法]:edit,[参数]:id=&ename=21312442343&sex=0&estats=0&employeeInfo.departureTime=&birthday=&resume=&','0:0:0:0:0:0:0:1','2016-10-20 17:36:30'),(892,'admin','admin','[类名]:com.mrbt.insurance.webset.controller.EmployeeControlller,[方法]:addPage,[参数]:',NULL,'2016-10-20 17:36:43'),(893,'admin','admin','[类名]:com.mrbt.insurance.webset.controller.EmployeeControlller,[方法]:delete,[参数]:id=37eb0e4c-2c0f-4732-ac0b-401cae11ca52&','0:0:0:0:0:0:0:1','2016-10-20 17:36:50'),(894,'admin','admin','[类名]:com.mrbt.insurance.webset.controller.EmployeeControlller,[方法]:delete,[参数]:id=3347c515-4ace-4161-9718-9ae7f4af37f7&','0:0:0:0:0:0:0:1','2016-10-20 17:36:52'),(895,'admin','admin','[类名]:com.mrbt.insurance.webset.controller.EmployeeControlller,[方法]:addPage,[参数]:',NULL,'2016-10-20 17:36:55'),(896,'admin','admin','[类名]:com.mrbt.insurance.webset.controller.CompanyController,[方法]:add,[参数]:null','192.168.1.170','2016-10-20 17:37:29'),(897,'admin','admin','[类名]:com.mrbt.insurance.webset.controller.EmployeeControlller,[方法]:addPage,[参数]:',NULL,'2016-10-20 17:39:37'),(898,'admin','admin','[类名]:com.mrbt.insurance.webset.controller.EmployeeControlller,[方法]:addPage,[参数]:',NULL,'2016-10-20 17:46:13'),(899,'admin','admin','[类名]:com.mrbt.insurance.webset.controller.EmployeeControlller,[方法]:addPage,[参数]:',NULL,'2016-10-20 17:48:42'),(900,'admin','admin','[类名]:com.mrbt.insurance.webset.controller.EmployeeControlller,[方法]:addPage,[参数]:',NULL,'2016-10-20 17:49:31'),(901,'admin','admin','[类名]:com.mrbt.insurance.webset.controller.EmployeeControlller,[方法]:add,[参数]:ename=ewqewqe&sex=0&entryTime=&estats=0&departureTime=&birthday=&resume=&','0:0:0:0:0:0:0:1','2016-10-20 17:49:45'),(902,'admin','admin','[类名]:com.mrbt.insurance.webset.controller.EmployeeControlller,[方法]:add,[参数]:ename=ewqewqe&sex=0&entryTime=&estats=0&departureTime=&birthday=&resume=&','0:0:0:0:0:0:0:1','2016-10-20 17:50:05'),(903,'admin','admin','[类名]:com.mrbt.insurance.webset.controller.EmployeeControlller,[方法]:addPage,[参数]:',NULL,'2016-10-20 17:51:34'),(904,'admin','admin','[类名]:com.mrbt.insurance.webset.controller.EmployeeControlller,[方法]:add,[参数]:ename=zxczxc&sex=0&entryTime=&estats=0&departureTime=&birthday=&resume=&','0:0:0:0:0:0:0:1','2016-10-20 17:51:40'),(905,'admin','admin','[类名]:com.mrbt.insurance.webset.controller.EmployeeControlller,[方法]:addPage,[参数]:',NULL,'2016-10-20 17:57:30'),(906,'admin','admin','[类名]:com.mrbt.insurance.webset.controller.EmployeeControlller,[方法]:add,[参数]:ename=dfgdfg&sex=0&entryTime=&estats=0&departureTime=&birthday=&resume=&','0:0:0:0:0:0:0:1','2016-10-20 17:57:37'),(907,'admin','admin','[类名]:com.mrbt.insurance.webset.controller.EmployeeControlller,[方法]:add,[参数]:ename=11111111111111&sex=0&entryTime=&estats=0&departureTime=&birthday=&resume=&','0:0:0:0:0:0:0:1','2016-10-20 17:58:00'),(908,'admin','admin','[类名]:com.mrbt.insurance.webset.controller.EmployeeControlller,[方法]:delete,[参数]:id=c309358b-3722-45fa-83ed-d7a31e16d1fd&','0:0:0:0:0:0:0:1','2016-10-20 17:59:44'),(909,'admin','admin','[类名]:com.mrbt.insurance.webset.controller.EmployeeControlller,[方法]:addPage,[参数]:',NULL,'2016-10-20 17:59:48'),(910,'admin','admin','[类名]:com.mrbt.insurance.webset.controller.EmployeeControlller,[方法]:add,[参数]:ename=2222222222&sex=0&entryTime=&estats=0&departureTime=&birthday=&resume=&','0:0:0:0:0:0:0:1','2016-10-20 17:59:53'),(911,'admin','admin','[类名]:com.mrbt.insurance.webset.controller.EmployeeControlller,[方法]:addPage,[参数]:',NULL,'2016-10-20 18:01:21'),(912,'admin','admin','[类名]:com.mrbt.insurance.webset.controller.EmployeeControlller,[方法]:add,[参数]:ename=444444444444&sex=0&entryTime=&estats=0&departureTime=&birthday=&resume=&','0:0:0:0:0:0:0:1','2016-10-20 18:01:25'),(913,'admin','admin','[类名]:com.mrbt.insurance.webset.controller.EmployeeControlller,[方法]:addPage,[参数]:',NULL,'2016-10-20 18:02:22'),(914,'admin','admin','[类名]:com.mrbt.insurance.webset.controller.EmployeeControlller,[方法]:add,[参数]:ename=55555&sex=0&entryTime=&estats=0&departureTime=&birthday=&resume=&','0:0:0:0:0:0:0:1','2016-10-20 18:02:26'),(915,'admin','admin','[类名]:com.mrbt.insurance.webset.controller.EmployeeControlller,[方法]:addPage,[参数]:',NULL,'2016-10-20 18:04:22'),(916,'admin','admin','[类名]:com.mrbt.insurance.webset.controller.EmployeeControlller,[方法]:add,[参数]:ename=66666&sex=0&entryTime=&estats=0&departureTime=&birthday=&resume=&','0:0:0:0:0:0:0:1','2016-10-20 18:04:27'),(917,'admin','admin','[类名]:com.mrbt.insurance.webset.controller.EmployeeControlller,[方法]:addPage,[参数]:',NULL,'2016-10-20 18:05:36'),(918,'admin','admin','[类名]:com.mrbt.insurance.webset.controller.EmployeeControlller,[方法]:editPage,[参数]:id=12959a15-7f27-4b0e-9f44-0e826859d319&_=1476957927995&','0:0:0:0:0:0:0:1','2016-10-20 18:05:40'),(919,'admin','admin','[类名]:com.mrbt.insurance.webset.controller.EmployeeControlller,[方法]:edit,[参数]:id=&ename=dfgdfg&sex=0&estats=0&employeeInfo.departureTime=&birthday=&resume=&','0:0:0:0:0:0:0:1','2016-10-20 18:05:46'),(920,'admin','admin','[类名]:com.mrbt.insurance.webset.controller.EmployeeControlller,[方法]:editPage,[参数]:id=12959a15-7f27-4b0e-9f44-0e826859d319&_=1476957927996&','0:0:0:0:0:0:0:1','2016-10-20 18:05:55'),(921,'admin','admin','[类名]:com.mrbt.insurance.webset.controller.EmployeeControlller,[方法]:edit,[参数]:id=&ename=1111111111&sex=0&estats=0&employeeInfo.departureTime=&birthday=&resume=&','0:0:0:0:0:0:0:1','2016-10-20 18:06:02'),(922,'admin','admin','[类名]:com.mrbt.insurance.admin.controller.ResourceController,[方法]:editPage,[参数]:id=231&_=1476958048564&','192.168.1.170','2016-10-20 18:07:28'),(923,'admin','admin','[类名]:com.mrbt.insurance.admin.controller.ResourceController,[方法]:editPage,[参数]:id=230&_=1476958048565&','192.168.1.170','2016-10-20 18:07:35'),(924,'admin','admin','[类名]:com.mrbt.insurance.admin.controller.ResourceController,[方法]:edit,[参数]:id=230&name=产品管理&resourcetype=0&url=/company/manager&seq=0&icon=icon-list&status=0&pid=222&','192.168.1.170','2016-10-20 18:07:42'),(925,'admin','admin','[类名]:com.mrbt.insurance.webset.controller.EmployeeControlller,[方法]:editPage,[参数]:id=2&_=1476958181156&','0:0:0:0:0:0:0:1','2016-10-20 18:09:51'),(926,'admin','admin','[类名]:com.mrbt.insurance.webset.controller.EmployeeControlller,[方法]:edit,[参数]:id=&ename=李四&sex=1&estats=1&employeeInfo.departureTime=&birthday=&resume=&','0:0:0:0:0:0:0:1','2016-10-20 18:09:57'),(927,'admin','admin','[类名]:com.mrbt.insurance.webset.controller.EmployeeControlller,[方法]:edit,[参数]:id=&ename=李四&sex=1&estats=1&employeeInfo.departureTime=&birthday=&resume=&','0:0:0:0:0:0:0:1','2016-10-20 18:10:18'),(928,'admin','admin','[类名]:com.mrbt.insurance.webset.controller.EmployeeControlller,[方法]:editPage,[参数]:id=2&_=1476958384338&','0:0:0:0:0:0:0:1','2016-10-20 18:13:13'),(929,'admin','admin','[类名]:com.mrbt.insurance.webset.controller.EmployeeControlller,[方法]:edit,[参数]:id=2&ename=李四&sex=1&estats=1&employeeInfo.departureTime=&birthday=&resume=&','0:0:0:0:0:0:0:1','2016-10-20 18:13:19'),(930,'admin','admin','[类名]:com.mrbt.insurance.webset.controller.EmployeeControlller,[方法]:editPage,[参数]:id=2&_=1476958384339&','0:0:0:0:0:0:0:1','2016-10-20 18:13:51'),(931,'admin','admin','[类名]:com.mrbt.insurance.webset.controller.EmployeeControlller,[方法]:edit,[参数]:id=2&ename=李四&sex=1&estats=1&employeeInfo.departureTime=&birthday=&resume=&','0:0:0:0:0:0:0:1','2016-10-20 18:13:54'),(932,'admin','admin','[类名]:com.mrbt.insurance.webset.controller.EmployeeControlller,[方法]:delete,[参数]:id=12959a15-7f27-4b0e-9f44-0e826859d319&','0:0:0:0:0:0:0:1','2016-10-20 18:14:24'),(933,'admin','admin','[类名]:com.mrbt.insurance.webset.controller.EmployeeControlller,[方法]:delete,[参数]:id=2&','0:0:0:0:0:0:0:1','2016-10-20 18:14:26'),(934,'admin','admin','[类名]:com.mrbt.insurance.webset.controller.EmployeeControlller,[方法]:delete,[参数]:id=3&','0:0:0:0:0:0:0:1','2016-10-20 18:14:29'),(935,'admin','admin','[类名]:com.mrbt.insurance.webset.controller.EmployeeControlller,[方法]:delete,[参数]:id=6c5a8e00-740f-46ad-b097-9940459cdcc0&','0:0:0:0:0:0:0:1','2016-10-20 18:14:31'),(936,'admin','admin','[类名]:com.mrbt.insurance.webset.controller.EmployeeControlller,[方法]:delete,[参数]:id=85b8def5-ca58-4b4a-bae3-7e2115e096cc&','0:0:0:0:0:0:0:1','2016-10-20 18:14:33'),(937,'admin','admin','[类名]:com.mrbt.insurance.webset.controller.EmployeeControlller,[方法]:delete,[参数]:id=887707d0-f315-4cdd-b41f-704ac66818f8&','0:0:0:0:0:0:0:1','2016-10-20 18:14:35'),(938,'admin','admin','[类名]:com.mrbt.insurance.webset.controller.EmployeeControlller,[方法]:delete,[参数]:id=c104bb89-790d-40ff-91a2-77733187c9ee&','0:0:0:0:0:0:0:1','2016-10-20 18:14:38'),(939,'admin','admin','[类名]:com.mrbt.insurance.webset.controller.EmployeeControlller,[方法]:delete,[参数]:id=ccddc106-6fdb-4245-beb7-1ef3a7a4c1c0&','0:0:0:0:0:0:0:1','2016-10-20 18:14:40'),(940,'admin','admin','[类名]:com.mrbt.insurance.webset.controller.EmployeeControlller,[方法]:delete,[参数]:id=d2e55a19-e1c0-4f83-ba65-074c61f1e4b9&','0:0:0:0:0:0:0:1','2016-10-20 18:14:41'),(941,'admin','admin','[类名]:com.mrbt.insurance.webset.controller.EmployeeControlller,[方法]:delete,[参数]:id=f67e2627-02cc-4bed-a3ce-e680f4d43534&','0:0:0:0:0:0:0:1','2016-10-20 18:14:44'),(942,'admin','admin','[类名]:com.mrbt.insurance.webset.controller.EmployeeControlller,[方法]:addPage,[参数]:',NULL,'2016-10-20 18:14:46'),(943,'admin','admin','[类名]:com.mrbt.insurance.admin.controller.ResourceController,[方法]:editPage,[参数]:id=230&_=1476958857486&','192.168.1.170','2016-10-20 18:20:45'),(944,'admin','admin','[类名]:com.mrbt.insurance.admin.controller.ResourceController,[方法]:edit,[参数]:id=230&name=产品管理&resourcetype=0&url=/company/manager&seq=0&icon=icon-list&status=0&pid=222&','192.168.1.170','2016-10-20 18:20:47'),(945,'admin','admin','[类名]:com.mrbt.insurance.admin.service.impl.ResourceServiceImpl,[方法]:deleteResourceById,[参数]:id=231&','192.168.1.170','2016-10-21 09:59:17'),(946,'admin','admin','[类名]:com.mrbt.insurance.admin.service.impl.ResourceServiceImpl,[方法]:deleteResourceById,[参数]:id=230&','192.168.1.170','2016-10-21 09:59:22'),(947,'admin','admin','[类名]:com.mrbt.insurance.admin.service.impl.ResourceServiceImpl,[方法]:addResource,[参数]:name=产品管理&resourcetype=0&url=/company/manager&seq=0&icon=icon-list&status=0&pid=222&','192.168.1.170','2016-10-21 10:01:22'),(948,'admin','admin','[类名]:com.mrbt.insurance.admin.service.impl.ResourceServiceImpl,[方法]:addResource,[参数]:name=添加&resourcetype=1&url=/company/add&seq=0&icon=icon-add&status=0&pid=236&','192.168.1.170','2016-10-21 10:03:48'),(949,'admin','admin','[类名]:com.mrbt.insurance.admin.service.impl.ResourceServiceImpl,[方法]:addResource,[参数]:name=会员管理&resourcetype=0&url=/member/manager&seq=3&icon=icon-user&status=0&pid=222&','192.168.1.200','2016-10-21 11:41:42'),(950,'admin','admin','[类名]:com.mrbt.insurance.admin.service.impl.RoleServiceImpl,[方法]:addRole,[参数]:name=测试&seq=0&status=0&description=测试&','0:0:0:0:0:0:0:1','2016-10-24 14:41:43'),(951,'admin','admin','[类名]:com.mrbt.insurance.admin.service.impl.ResourceServiceImpl,[方法]:addResource,[参数]:name=添加&resourcetype=1&url=/member/scoreAdd&seq=0&icon=icon-add&status=0&pid=238&','0:0:0:0:0:0:0:1','2016-10-25 10:37:06'),(952,'admin','admin','[类名]:com.mrbt.insurance.admin.service.impl.ResourceServiceImpl,[方法]:addResource,[参数]:name=订单管理&resourcetype=0&url=/orders/dataList&seq=1&icon=icon-list&status=0&pid=222&','0:0:0:0:0:0:0:1','2016-10-25 11:53:41'),(953,'admin','admin','[类名]:com.mrbt.insurance.admin.service.impl.ResourceServiceImpl,[方法]:addResource,[参数]:name=添加&resourcetype=1&url=/orders/add&seq=2&icon=icon-add&status=0&pid=240&','0:0:0:0:0:0:0:1','2016-10-25 12:00:35'),(954,'admin','admin','[类名]:com.mrbt.insurance.admin.service.impl.ResourceServiceImpl,[方法]:addResource,[参数]:name=编辑&resourcetype=0&url=/company/edit&seq=1&icon=icon-edit&status=0&pid=236&','192.168.1.170','2016-10-25 15:18:15'),(955,'admin','admin','[类名]:com.mrbt.insurance.admin.service.impl.ResourceServiceImpl,[方法]:addResource,[参数]:name=删除&resourcetype=1&url=/company/delete&seq=2&icon=icon-delete&status=0&pid=236&','192.168.1.170','2016-10-25 15:19:09'),(956,'admin','admin','[类名]:com.mrbt.insurance.admin.service.impl.ResourceServiceImpl,[方法]:addResource,[参数]:name=网站配置&resourcetype=0&url=/homePage/bannerManager&seq=2&icon=icon-company&status=0&pid=&','192.168.1.170','2016-10-31 15:35:38'),(957,'admin','admin','[类名]:com.mrbt.insurance.admin.service.impl.ResourceServiceImpl,[方法]:addResource,[参数]:name=banner管理&resourcetype=0&url=/homePage/bannerManager&seq=1&icon=icon-list&status=0&pid=244&','192.168.1.170','2016-10-31 15:48:18'),(958,'admin','admin','[类名]:com.mrbt.insurance.admin.service.impl.ResourceServiceImpl,[方法]:addResource,[参数]:name=添加&resourcetype=1&url=/homePage/bannerAdd&seq=1&icon=icon-add&status=0&pid=245&','192.168.1.170','2016-11-01 16:45:12'),(959,'admin','admin','[类名]:com.mrbt.insurance.admin.service.impl.ResourceServiceImpl,[方法]:addResource,[参数]:name=删除&resourcetype=1&url=/homePage/bannerDelete&seq=2&icon=icon-del&status=0&pid=245&','192.168.1.170','2016-11-01 16:45:51'),(960,'admin','admin','[类名]:com.mrbt.insurance.admin.service.impl.ResourceServiceImpl,[方法]:addResource,[参数]:name=场景按钮管理&resourcetype=0&url=/homePage/sceneButtonManager&seq=2&icon=icon_list&status=0&pid=244&','192.168.1.170','2016-11-02 14:23:05'),(961,'admin','admin','[类名]:com.mrbt.insurance.admin.service.impl.ResourceServiceImpl,[方法]:addResource,[参数]:name=添加&resourcetype=1&url=/homePage/addSceneButtonPage&seq=1&icon=icon-add&status=0&pid=248&','192.168.1.170','2016-11-02 14:23:53'),(962,'admin','admin','[类名]:com.mrbt.insurance.admin.service.impl.ResourceServiceImpl,[方法]:addResource,[参数]:name=删除&resourcetype=1&url=/homePage/sceneButtonDelete&seq=2&icon=icon-del&status=0&pid=&','192.168.1.170','2016-11-02 14:24:52'),(963,'admin','admin','[类名]:com.mrbt.insurance.admin.service.impl.ResourceServiceImpl,[方法]:addResource,[参数]:name=编辑&resourcetype=1&url=/homePage/sceneButtonEdit&seq=2&icon=icon-edit&status=0&pid=248&','192.168.1.170','2016-11-02 14:43:39'),(964,'admin','admin','[类名]:com.mrbt.insurance.admin.service.impl.ResourceServiceImpl,[方法]:addResource,[参数]:name=编辑&resourcetype=1&url=/homePage/bannerEdit&seq=2&icon=icon-edit&status=0&pid=245&','192.168.1.170','2016-11-03 09:53:11'),(965,'admin','admin','[类名]:com.mrbt.insurance.admin.service.impl.ResourceServiceImpl,[方法]:addResource,[参数]:name=底部功能按钮&resourcetype=0&url=/homePage/funButtonManager&seq=3&icon=icon-list&status=0&pid=244&','192.168.1.170','2016-11-03 14:46:37'),(966,'admin','admin','[类名]:com.mrbt.insurance.admin.service.impl.ResourceServiceImpl,[方法]:addResource,[参数]:name=添加&resourcetype=1&url=/homePage/funButtonAdd&seq=1&icon=icon-add&status=0&pid=253&','192.168.1.170','2016-11-03 14:47:25'),(967,'admin','admin','[类名]:com.mrbt.insurance.admin.service.impl.ResourceServiceImpl,[方法]:addResource,[参数]:name=编辑&resourcetype=1&url=/homePage/funButtonEdit&seq=2&icon=icon-edit&status=0&pid=253&','192.168.1.170','2016-11-03 14:47:57'),(968,'admin','admin','[类名]:com.mrbt.insurance.admin.service.impl.ResourceServiceImpl,[方法]:addResource,[参数]:name=删除&resourcetype=0&url=/homePage/funButtonDel&seq=2&icon=icon-del&status=0&pid=253&','192.168.1.170','2016-11-03 14:48:24'),(969,'admin','admin','[类名]:com.mrbt.insurance.admin.service.impl.ResourceServiceImpl,[方法]:addResource,[参数]:name=产品管理&resourcetype=0&url=/product/productManager&seq=0&icon=icon-list&status=0&pid=222&','192.168.1.170','2016-11-09 17:52:48'),(970,'admin','admin','[类名]:com.mrbt.insurance.admin.service.impl.ResourceServiceImpl,[方法]:addResource,[参数]:name=添加&resourcetype=1&url=/product/productAdd&seq=1&icon=icon-add&status=0&pid=257&','192.168.1.170','2016-11-09 17:54:51'),(971,'admin','admin','[类名]:com.mrbt.insurance.admin.service.impl.ResourceServiceImpl,[方法]:addResource,[参数]:name=编辑&resourcetype=1&url=/product/productEdit&seq=2&icon=icon-edit&status=0&pid=257&','192.168.1.170','2016-11-09 17:55:31'),(972,'admin','admin','[类名]:com.mrbt.insurance.admin.service.impl.ResourceServiceImpl,[方法]:addResource,[参数]:name=发布&resourcetype=1&url=/product/productState&seq=2&icon=icon-add&status=0&pid=257&','192.168.1.170','2016-11-09 18:00:00'),(973,'admin','admin','[类名]:com.mrbt.insurance.admin.service.impl.ResourceServiceImpl,[方法]:addResource,[参数]:name=结束&resourcetype=1&url=/product/productEnd&seq=3&icon=icon-del&status=0&pid=257&','192.168.1.170','2016-11-09 18:00:41'),(974,'admin','admin','[类名]:com.mrbt.insurance.admin.service.impl.ResourceServiceImpl,[方法]:addResource,[参数]:name=删除&resourcetype=1&url=/product/productDel&seq=5&icon=icon-del&status=0&pid=257&','192.168.1.170','2016-11-09 18:01:33'),(975,'admin','admin','[类名]:com.mrbt.insurance.admin.service.impl.ResourceServiceImpl,[方法]:addResource,[参数]:name=银行管理&resourcetype=0&url=/baseData/bankManager&seq=17&icon=icon-list&status=0&pid=222&','0:0:0:0:0:0:0:1','2016-11-16 16:52:32'),(976,'admin','admin','[类名]:com.mrbt.insurance.admin.service.impl.ResourceServiceImpl,[方法]:addResource,[参数]:name=添加&resourcetype=1&url=/baseData/addBank&seq=0&icon=icon-add&status=0&pid=263&','0:0:0:0:0:0:0:1','2016-11-16 16:54:14'),(977,'admin','admin','[类名]:com.mrbt.insurance.admin.service.impl.ResourceServiceImpl,[方法]:addResource,[参数]:name=编辑&resourcetype=0&url=/baseData/editBank&seq=1&icon=icon-edit&status=0&pid=263&','0:0:0:0:0:0:0:1','2016-11-16 16:55:46'),(978,'admin','admin','[类名]:com.mrbt.insurance.admin.service.impl.ResourceServiceImpl,[方法]:addResource,[参数]:name=删除&resourcetype=1&url=/baseData/delBank&seq=2&icon=icon-del&status=0&pid=263&','0:0:0:0:0:0:0:1','2016-11-16 16:56:42'),(979,'admin','admin','[类名]:com.mrbt.insurance.admin.service.impl.ResourceServiceImpl,[方法]:addResource,[参数]:name=添加&resourcetype=1&url=/baseData/bankSixInfoAdd&seq=0&icon=icon-add&status=0&pid=263&','0:0:0:0:0:0:0:1','2016-11-18 11:10:43'),(980,'admin','admin','[类名]:com.mrbt.insurance.admin.service.impl.ResourceServiceImpl,[方法]:addResource,[参数]:name=删除&resourcetype=1&url=/baseData/bankSixInfoDel&seq=0&icon=icon-del&status=0&pid=263&','0:0:0:0:0:0:0:1','2016-11-18 11:11:17'),(981,'admin','admin','[类名]:com.mrbt.insurance.admin.service.impl.ResourceServiceImpl,[方法]:addResource,[参数]:name=积分商品管理&resourcetype=0&url=/baseData/integeralProManager&seq=30&icon=icon-list&status=0&pid=222&','0:0:0:0:0:0:0:1','2016-11-21 14:16:45'),(982,'admin','admin','[类名]:com.mrbt.insurance.admin.service.impl.ResourceServiceImpl,[方法]:addResource,[参数]:name=添加&resourcetype=1&url=/baseData/integeralProAdd&seq=0&icon=icon-add&status=0&pid=269&','0:0:0:0:0:0:0:1','2016-11-21 14:18:16'),(983,'admin','admin','[类名]:com.mrbt.insurance.admin.service.impl.ResourceServiceImpl,[方法]:addResource,[参数]:name=编辑&resourcetype=0&url=/baseData/integeralProEdit&seq=0&icon=icon-edit&status=0&pid=269&','0:0:0:0:0:0:0:1','2016-11-21 14:18:57'),(984,'admin','admin','[类名]:com.mrbt.insurance.admin.service.impl.ResourceServiceImpl,[方法]:addResource,[参数]:name=删除&resourcetype=1&url=/baseData/integeralProDel&seq=3&icon=icon-del&status=0&pid=269&','0:0:0:0:0:0:0:1','2016-11-21 14:19:38'),(986,'admin','admin','[类名]:com.mrbt.insurance.admin.service.impl.RoleServiceImpl,[方法]:addRole,[参数]:status=0&description=&name=测试2&seq=0&','0:0:0:0:0:0:0:1','2016-12-07 14:34:04'),(987,'admin','admin','[类名]:com.mrbt.insurance.admin.service.impl.RoleServiceImpl,[方法]:deleteRoleById,[参数]:id=10&','0:0:0:0:0:0:0:1','2016-12-07 14:34:08'),(988,'admin','admin','[类名]:com.mrbt.insurance.admin.service.impl.UserServiceImpl,[方法]:addUser,[参数]:loginname=yulong&name=喻龙&password=123456&sex=0&age=32&usertype=0&organizationId=3&roleIds=1&phone=13683173295&status=0&','192.168.1.106','2016-12-12 15:22:14'),(989,'yulong','yulong','[类名]:com.mrbt.insurance.admin.service.impl.ResourceServiceImpl,[方法]:addResource,[参数]:name=条款管理&resourcetype=0&url=/provision/managerPage&seq=2&icon=icon-list&status=0&pid=222&','192.168.1.106','2016-12-12 15:26:41'),(990,'yulong','yulong','[类名]:com.mrbt.insurance.admin.service.impl.ResourceServiceImpl,[方法]:addResource,[参数]:name=添加&resourcetype=0&url=/provision/add&seq=0&icon=icon-add&status=0&pid=273&','192.168.1.106','2016-12-12 15:27:31'),(991,'admin','admin','[类名]:com.mrbt.insurance.admin.service.impl.UserServiceImpl,[方法]:addUser,[参数]:loginname=liuzheng&name=刘政&password=seruphim&sex=0&age=99&usertype=0&organizationId=6&roleIds=9&phone=&status=0&','192.168.1.171','2016-12-12 15:58:07'),(992,'yulong','yulong','[类名]:com.mrbt.insurance.admin.service.impl.ResourceServiceImpl,[方法]:addResource,[参数]:name=活动页面管理&resourcetype=0&url=/activity/manager&seq=3&icon=icon-list&status=0&pid=244&','192.168.1.170','2016-12-13 17:02:51'),(993,'admin','admin','[类名]:com.mrbt.insurance.admin.service.impl.ResourceServiceImpl,[方法]:addResource,[参数]:name=添加&resourcetype=1&url=/baseData/integeralCardAdd&seq=4&icon=icon-add&status=0&pid=269&','0:0:0:0:0:0:0:1','2016-12-14 14:40:53'),(994,'admin','admin','[类名]:com.mrbt.insurance.admin.service.impl.ResourceServiceImpl,[方法]:addResource,[参数]:icon=icon-edit&status=0&name=图片编辑&seq=1&pid=275&resourcetype=1&url=/activity/edit&','0:0:0:0:0:0:0:1','2016-12-14 17:57:15'),(995,'admin','admin','[类名]:com.mrbt.insurance.admin.service.impl.ResourceServiceImpl,[方法]:addResource,[参数]:icon=icon-del&status=0&name=图片删除&seq=2&pid=275&resourcetype=1&url=/activity/delete&','0:0:0:0:0:0:0:1','2016-12-14 17:58:01'),(996,'admin','admin','[类名]:com.mrbt.insurance.admin.service.impl.ResourceServiceImpl,[方法]:addResource,[参数]:icon=icon-add&status=0&name=图片添加&seq=3&pid=275&resourcetype=1&url=/activity/add&','0:0:0:0:0:0:0:1','2016-12-14 17:58:48'),(997,'admin','admin','[类名]:com.mrbt.insurance.admin.service.impl.ResourceServiceImpl,[方法]:addResource,[参数]:icon=&status=0&name=活动页面&seq=0&pid=244&resourcetype=0&url=/activePage&','0:0:0:0:0:0:0:1','2016-12-20 09:48:41'),(998,'admin','admin','[类名]:com.mrbt.insurance.admin.service.impl.ResourceServiceImpl,[方法]:addResource,[参数]:icon=icon-add&status=0&name=添加&seq=0&pid=280&resourcetype=1&url=/activePage/add&','0:0:0:0:0:0:0:1','2016-12-20 09:52:04'),(999,'admin','admin','[类名]:com.mrbt.insurance.admin.service.impl.ResourceServiceImpl,[方法]:addResource,[参数]:icon=icon-edit&status=0&name=编辑&seq=1&pid=280&resourcetype=1&url=/activePage/edit&','0:0:0:0:0:0:0:1','2016-12-20 09:52:38'),(1000,'admin','admin','[类名]:com.mrbt.insurance.admin.service.impl.ResourceServiceImpl,[方法]:addResource,[参数]:icon=icon-del&status=0&name=删除&seq=2&pid=280&resourcetype=1&url=/activePage/delete&','0:0:0:0:0:0:0:1','2016-12-20 09:53:22'),(1001,'admin','admin','[类名]:com.mrbt.insurance.admin.service.impl.ResourceServiceImpl,[方法]:deleteResourceById,[参数]:id=277&','0:0:0:0:0:0:0:1','2016-12-20 10:07:59'),(1002,'admin','admin','[类名]:com.mrbt.insurance.admin.service.impl.ResourceServiceImpl,[方法]:deleteResourceById,[参数]:id=239&','0:0:0:0:0:0:0:1','2016-12-20 12:32:57'),(1003,'admin','admin','[类名]:com.mrbt.insurance.admin.service.impl.ResourceServiceImpl,[方法]:addResource,[参数]:name=计划任务&resourcetype=0&url=/schedule/scheduleList&seq=0&icon=icon-folder&status=0&pid=1&','0:0:0:0:0:0:0:1','2016-12-20 18:10:13'),(1004,'admin','admin','[类名]:com.mrbt.insurance.admin.service.impl.ResourceServiceImpl,[方法]:addResource,[参数]:name=修改&resourcetype=1&url=/schedule/scheduleEdit&seq=0&icon=icon-edit&status=0&pid=284&','0:0:0:0:0:0:0:1','2016-12-21 11:46:09'),(1005,'admin','admin','[类名]:com.mrbt.insurance.admin.service.impl.ResourceServiceImpl,[方法]:addResource,[参数]:name=添加任务&resourcetype=1&url=/schedule/scheduleAdd&seq=1&icon=icon-add&status=0&pid=284&','0:0:0:0:0:0:0:1','2016-12-21 11:47:47'),(1006,'yulong','yulong','[类名]:com.mrbt.insurance.admin.service.impl.ResourceServiceImpl,[方法]:addResource,[参数]:name=会员管理&resourcetype=0&url=&seq=0&icon=icon-company&status=0&pid=&','192.168.1.170','2016-12-29 18:11:22'),(1007,'yulong','yulong','[类名]:com.mrbt.insurance.admin.service.impl.ResourceServiceImpl,[方法]:addResource,[参数]:name=邮件模板&resourcetype=0&url=/template/managerPage&seq=2&icon=icon-list&status=0&pid=222&','192.168.1.155','2017-02-05 10:52:44'),(1008,'yulong','yulong','[类名]:com.mrbt.insurance.admin.service.impl.ResourceServiceImpl,[方法]:addResource,[参数]:name=添加&resourcetype=1&url=/templet/add&seq=1&icon=icon-add&status=0&pid=288&','192.168.1.155','2017-02-05 14:45:32'),(1009,'yulong','yulong','[类名]:com.mrbt.insurance.admin.service.impl.ResourceServiceImpl,[方法]:addResource,[参数]:name=编辑&resourcetype=1&url=/templet/edit&seq=2&icon=icon-edit&status=0&pid=288&','192.168.1.155','2017-02-05 14:46:03'),(1010,'yulong','yulong','[类名]:com.mrbt.insurance.admin.service.impl.ResourceServiceImpl,[方法]:addResource,[参数]:name=删除&resourcetype=1&url=/templet/del&seq=3&icon=icon-del&status=0&pid=288&','192.168.1.155','2017-02-05 14:46:31'),(1011,'yulong','yulong','[类名]:com.mrbt.insurance.admin.service.impl.ResourceServiceImpl,[方法]:deleteResourceById,[参数]:id=290&','192.168.1.155','2017-02-05 18:05:48');
/*!40000 ALTER TABLE `syslog` ENABLE KEYS */;
UNLOCK TABLES;

--
-- Table structure for table `task_job`
--

DROP TABLE IF EXISTS `task_job`;
/*!40101 SET @saved_cs_client     = @@character_set_client */;
/*!40101 SET character_set_client = utf8 */;
CREATE TABLE `task_job` (
  `job_id` int(11) unsigned NOT NULL AUTO_INCREMENT COMMENT '任务id',
  `create_time` timestamp NOT NULL DEFAULT CURRENT_TIMESTAMP ON UPDATE CURRENT_TIMESTAMP COMMENT '创建时间',
  `update_time` timestamp NOT NULL DEFAULT '0000-00-00 00:00:00' COMMENT '更新时间',
  `job_name` varchar(255) DEFAULT NULL COMMENT '任务名称',
  `job_group` varchar(255) DEFAULT NULL COMMENT '任务分组',
  `cron_Expression` varchar(255) DEFAULT NULL COMMENT 'cron表达式',
  `description` varchar(255) DEFAULT NULL COMMENT '描述',
  `bean_class` varchar(255) DEFAULT NULL COMMENT '任务执行时调用哪个类的方法 包名+类名',
  `is_concurrent` varchar(255) DEFAULT NULL COMMENT '任务是否有状态',
  `spring_id` varchar(255) DEFAULT NULL COMMENT 'spring bean',
  `method_name` varchar(255) DEFAULT NULL COMMENT '任务调用的方法名',
  `job_status` varchar(60) DEFAULT NULL COMMENT '任务状态 0-停止 1启动',
  `job_url` varchar(255) DEFAULT NULL COMMENT 'job所对应的controller url',
  `job_db` int(11) DEFAULT NULL COMMENT 'job所需数据库 0-admin 1-web',
  PRIMARY KEY (`job_id`)
) ENGINE=InnoDB AUTO_INCREMENT=9 DEFAULT CHARSET=utf8;
/*!40101 SET character_set_client = @saved_cs_client */;

--
-- Dumping data for table `task_job`
--

LOCK TABLES `task_job` WRITE;
/*!40000 ALTER TABLE `task_job` DISABLE KEYS */;
INSERT INTO `task_job` VALUES (5,'2017-02-27 09:28:09','2017-05-17 01:16:12','sendmail','web','0 0/5 * * * ?','发送邮件','com.mrbt.insurance.webset.service.impl.TaskServiceImpl','0','taskService','sendMail','1',NULL,NULL),(6,'2016-12-26 08:18:08','2017-05-17 01:16:16','cleanOrders','web','0 0 0 * * ?','删除每日到0时仍未支付的订单','','0','taskService','cleanOrders','1',NULL,NULL),(7,'2017-02-06 01:14:35','2017-02-13 07:21:35','processOrderFileForMail','web','0 0/5 * * * ?','将已支付的订单处理成文档，并进入待发送状态。','com.mrbt.insurance.service.impl.TaskServiceImpl','0','taskService','createOrderFile','0',NULL,NULL),(8,'2017-02-13 06:27:29','2017-02-27 07:04:27','processSpecialOrderFileForMail','web','0 0/5 * * * ?','将已支付的特殊产品的订单处理成文件','com.mrbt.insurance.service.impl.TaskServiceImpl','0','taskService','createOrderFileForSpecial','0',NULL,NULL);
/*!40000 ALTER TABLE `task_job` ENABLE KEYS */;
UNLOCK TABLES;

--
-- Table structure for table `user`
--

DROP TABLE IF EXISTS `user`;
/*!40101 SET @saved_cs_client     = @@character_set_client */;
/*!40101 SET character_set_client = utf8 */;
CREATE TABLE `user` (
  `id` bigint(19) NOT NULL AUTO_INCREMENT,
  `loginname` varchar(64) NOT NULL,
  `name` varchar(64) NOT NULL,
  `password` varchar(64) NOT NULL,
  `sex` tinyint(2) NOT NULL DEFAULT '0',
  `age` tinyint(2) DEFAULT '0',
  `usertype` tinyint(2) NOT NULL DEFAULT '0',
  `status` tinyint(2) NOT NULL DEFAULT '0',
  `organization_id` int(11) NOT NULL DEFAULT '0',
  `createdate` datetime NOT NULL,
  `phone` varchar(20) DEFAULT NULL,
  PRIMARY KEY (`id`)
) ENGINE=InnoDB AUTO_INCREMENT=19 DEFAULT CHARSET=utf8 COMMENT='用户';
/*!40101 SET character_set_client = @saved_cs_client */;

--
-- Dumping data for table `user`
--

LOCK TABLES `user` WRITE;
/*!40000 ALTER TABLE `user` DISABLE KEYS */;
INSERT INTO `user` VALUES (1,'admin','admin','e10adc3949ba59abbe56e057f20f883e',0,25,0,0,1,'2015-12-06 13:14:05','18707173376'),(13,'snoopy','snoopy','e10adc3949ba59abbe56e057f20f883e',0,25,1,0,3,'2015-10-01 13:12:07','18707173376'),(14,'dreamlu','dreamlu','e10adc3949ba59abbe56e057f20f883e',0,25,1,0,5,'2015-10-11 23:12:58','18707173376'),(15,'test','test','e10adc3949ba59abbe56e057f20f883e',0,25,1,0,6,'2015-12-06 13:13:03','18707173376'),(16,'1','test1','d41d8cd98f00b204e9800998ecf8427e',1,25,1,0,6,'2016-10-19 15:50:14','18707173376'),(17,'yulong','喻龙','e10adc3949ba59abbe56e057f20f883e',0,32,0,0,3,'2016-12-12 15:22:14','13683173295'),(18,'liuzheng','刘政','f829c890ea4d594ce9a236e4ee8fccc3',0,5,1,0,6,'2016-12-12 15:58:07','18519745720');
/*!40000 ALTER TABLE `user` ENABLE KEYS */;
UNLOCK TABLES;

--
-- Table structure for table `user_role`
--

DROP TABLE IF EXISTS `user_role`;
/*!40101 SET @saved_cs_client     = @@character_set_client */;
/*!40101 SET character_set_client = utf8 */;
CREATE TABLE `user_role` (
  `id` bigint(19) NOT NULL AUTO_INCREMENT,
  `user_id` bigint(19) NOT NULL,
  `role_id` bigint(19) NOT NULL,
  PRIMARY KEY (`id`)
) ENGINE=InnoDB AUTO_INCREMENT=92 DEFAULT CHARSET=utf8 COMMENT='用户角色';
/*!40101 SET character_set_client = @saved_cs_client */;

--
-- Dumping data for table `user_role`
--

LOCK TABLES `user_role` WRITE;
/*!40000 ALTER TABLE `user_role` DISABLE KEYS */;
INSERT INTO `user_role` VALUES (53,15,8),(60,1,1),(61,1,2),(62,1,7),(63,13,2),(64,14,7),(66,17,1),(82,16,8),(91,18,9);
/*!40000 ALTER TABLE `user_role` ENABLE KEYS */;
UNLOCK TABLES;
/*!40103 SET TIME_ZONE=@OLD_TIME_ZONE */;

/*!40101 SET SQL_MODE=@OLD_SQL_MODE */;
/*!40014 SET FOREIGN_KEY_CHECKS=@OLD_FOREIGN_KEY_CHECKS */;
/*!40014 SET UNIQUE_CHECKS=@OLD_UNIQUE_CHECKS */;
/*!40101 SET CHARACTER_SET_CLIENT=@OLD_CHARACTER_SET_CLIENT */;
/*!40101 SET CHARACTER_SET_RESULTS=@OLD_CHARACTER_SET_RESULTS */;
/*!40101 SET COLLATION_CONNECTION=@OLD_COLLATION_CONNECTION */;
/*!40111 SET SQL_NOTES=@OLD_SQL_NOTES */;

-- Dump completed on 2018-06-15 10:40:01
