-- MySQL dump 10.13  Distrib 5.7.12, for Win64 (x86_64)
--
-- Host: 10.20.1.88    Database: insurance
-- ------------------------------------------------------
-- Server version	5.5.30-log

/*!40101 SET @OLD_CHARACTER_SET_CLIENT=@@CHARACTER_SET_CLIENT */;
/*!40101 SET @OLD_CHARACTER_SET_RESULTS=@@CHARACTER_SET_RESULTS */;
/*!40101 SET @OLD_COLLATION_CONNECTION=@@COLLATION_CONNECTION */;
/*!40101 SET NAMES utf8 */;
/*!40103 SET @OLD_TIME_ZONE=@@TIME_ZONE */;
/*!40103 SET TIME_ZONE='+00:00' */;
/*!40014 SET @OLD_UNIQUE_CHECKS=@@UNIQUE_CHECKS, UNIQUE_CHECKS=0 */;
/*!40014 SET @OLD_FOREIGN_KEY_CHECKS=@@FOREIGN_KEY_CHECKS, FOREIGN_KEY_CHECKS=0 */;
/*!40101 SET @OLD_SQL_MODE=@@SQL_MODE, SQL_MODE='NO_AUTO_VALUE_ON_ZERO' */;
/*!40111 SET @OLD_SQL_NOTES=@@SQL_NOTES, SQL_NOTES=0 */;

--
-- Table structure for table `foot_button`
--

DROP TABLE IF EXISTS `foot_button`;
/*!40101 SET @saved_cs_client     = @@character_set_client */;
/*!40101 SET character_set_client = utf8 */;
CREATE TABLE `foot_button` (
  `id` int(100) NOT NULL AUTO_INCREMENT,
  `index` varchar(255) DEFAULT NULL COMMENT '首页',
  `order` varchar(255) DEFAULT NULL COMMENT '订单',
  `service` varchar(255) DEFAULT NULL COMMENT '客服',
  `custoner_center` varchar(255) DEFAULT NULL COMMENT '会员中心',
  PRIMARY KEY (`id`)
) ENGINE=InnoDB DEFAULT CHARSET=utf8;
/*!40101 SET character_set_client = @saved_cs_client */;

--
-- Dumping data for table `foot_button`
--

LOCK TABLES `foot_button` WRITE;
/*!40000 ALTER TABLE `foot_button` DISABLE KEYS */;
/*!40000 ALTER TABLE `foot_button` ENABLE KEYS */;
UNLOCK TABLES;

--
-- Table structure for table `organization`
--

DROP TABLE IF EXISTS `organization`;
/*!40101 SET @saved_cs_client     = @@character_set_client */;
/*!40101 SET character_set_client = utf8 */;
CREATE TABLE `organization` (
  `id` bigint(19) NOT NULL AUTO_INCREMENT,
  `name` varchar(64) NOT NULL,
  `address` varchar(100) DEFAULT NULL,
  `code` varchar(64) NOT NULL,
  `icon` varchar(32) DEFAULT NULL,
  `pid` bigint(19) DEFAULT NULL,
  `seq` tinyint(2) NOT NULL DEFAULT '0',
  `createdate` datetime NOT NULL,
  PRIMARY KEY (`id`)
) ENGINE=InnoDB AUTO_INCREMENT=7 DEFAULT CHARSET=utf8 COMMENT='组织机构';
/*!40101 SET character_set_client = @saved_cs_client */;

--
-- Dumping data for table `organization`
--

LOCK TABLES `organization` WRITE;
/*!40000 ALTER TABLE `organization` DISABLE KEYS */;
INSERT INTO `organization` VALUES (1,'总经办','','01','icon-company',NULL,0,'2014-02-19 01:00:00'),(3,'技术部','','02','icon-company',NULL,1,'2015-10-01 13:10:42'),(5,'产品部','','03','icon-company',NULL,2,'2015-12-06 12:15:30'),(6,'测试组','','04','icon-folder',3,0,'2015-12-06 13:12:18');
/*!40000 ALTER TABLE `organization` ENABLE KEYS */;
UNLOCK TABLES;

--
-- Table structure for table `picture`
--

DROP TABLE IF EXISTS `picture`;
/*!40101 SET @saved_cs_client     = @@character_set_client */;
/*!40101 SET character_set_client = utf8 */;
CREATE TABLE `picture` (
  `id` int(100) NOT NULL AUTO_INCREMENT COMMENT '图片ID',
  `picture_name` varchar(255) DEFAULT NULL COMMENT '图片名',
  `picture_url` varchar(255) DEFAULT NULL COMMENT '图片地址',
  `pid` int(11) DEFAULT NULL COMMENT '图片存放位置ID',
  PRIMARY KEY (`id`)
) ENGINE=InnoDB AUTO_INCREMENT=3 DEFAULT CHARSET=utf8;
/*!40101 SET character_set_client = @saved_cs_client */;

--
-- Dumping data for table `picture`
--

LOCK TABLES `picture` WRITE;
/*!40000 ALTER TABLE `picture` DISABLE KEYS */;
INSERT INTO `picture` VALUES (1,'wqwe','2132',1),(2,'asd','213324',2);
/*!40000 ALTER TABLE `picture` ENABLE KEYS */;
UNLOCK TABLES;

--
-- Table structure for table `plan`
--

DROP TABLE IF EXISTS `plan`;
/*!40101 SET @saved_cs_client     = @@character_set_client */;
/*!40101 SET character_set_client = utf8 */;
CREATE TABLE `plan` (
  `id` int(100) NOT NULL AUTO_INCREMENT COMMENT '编号',
  `Title` varchar(255) DEFAULT NULL COMMENT '标题',
  `Text` varchar(255) DEFAULT NULL COMMENT '内容介绍',
  `pir` varchar(255) DEFAULT NULL COMMENT '上传图片地址',
  `Type` varchar(255) DEFAULT NULL COMMENT '类型',
  PRIMARY KEY (`id`)
) ENGINE=InnoDB DEFAULT CHARSET=utf8;
/*!40101 SET character_set_client = @saved_cs_client */;

--
-- Dumping data for table `plan`
--

LOCK TABLES `plan` WRITE;
/*!40000 ALTER TABLE `plan` DISABLE KEYS */;
/*!40000 ALTER TABLE `plan` ENABLE KEYS */;
UNLOCK TABLES;

--
-- Table structure for table `product`
--

DROP TABLE IF EXISTS `product`;
/*!40101 SET @saved_cs_client     = @@character_set_client */;
/*!40101 SET character_set_client = utf8 */;
CREATE TABLE `product` (
  `id` int(100) NOT NULL AUTO_INCREMENT,
  `home` varchar(255) DEFAULT NULL COMMENT '家有包',
  `go` varchar(255) DEFAULT NULL COMMENT '出行宝',
  `xiao` varchar(255) DEFAULT NULL COMMENT '孝心宝',
  `pin` varchar(255) DEFAULT '' COMMENT '品质宝',
  `cai` varchar(255) DEFAULT NULL COMMENT '财富宝',
  `fang` varchar(255) DEFAULT NULL COMMENT '房屋宝',
  `zhi` varchar(255) DEFAULT NULL COMMENT '支柱宝',
  `ai` varchar(255) DEFAULT NULL COMMENT '爱妻宝',
  PRIMARY KEY (`id`)
) ENGINE=InnoDB DEFAULT CHARSET=utf8;
/*!40101 SET character_set_client = @saved_cs_client */;

--
-- Dumping data for table `product`
--

LOCK TABLES `product` WRITE;
/*!40000 ALTER TABLE `product` DISABLE KEYS */;
/*!40000 ALTER TABLE `product` ENABLE KEYS */;
UNLOCK TABLES;

--
-- Table structure for table `resource`
--

DROP TABLE IF EXISTS `resource`;
/*!40101 SET @saved_cs_client     = @@character_set_client */;
/*!40101 SET character_set_client = utf8 */;
CREATE TABLE `resource` (
  `id` bigint(19) NOT NULL AUTO_INCREMENT,
  `name` varchar(64) NOT NULL,
  `url` varchar(100) DEFAULT NULL,
  `description` varchar(255) DEFAULT NULL,
  `icon` varchar(32) DEFAULT NULL,
  `pid` bigint(19) DEFAULT NULL,
  `seq` tinyint(2) NOT NULL DEFAULT '0',
  `status` tinyint(2) NOT NULL DEFAULT '0',
  `resourcetype` tinyint(2) NOT NULL DEFAULT '0',
  `createdate` datetime NOT NULL,
  PRIMARY KEY (`id`)
) ENGINE=InnoDB AUTO_INCREMENT=232 DEFAULT CHARSET=utf8 COMMENT='资源';
/*!40101 SET character_set_client = @saved_cs_client */;

--
-- Dumping data for table `resource`
--

LOCK TABLES `resource` WRITE;
/*!40000 ALTER TABLE `resource` DISABLE KEYS */;
INSERT INTO `resource` VALUES (1,'系统管理','','系统管理','icon-company',NULL,0,0,0,'2014-02-19 01:00:00'),(11,'资源管理','/resource/manager','资源管理','icon-folder',1,1,0,0,'2014-02-19 01:00:00'),(12,'角色管理','/role/manager','角色管理','icon-man',1,2,0,0,'2014-02-19 01:00:00'),(13,'用户管理','/user/manager','用户管理','icon-filter',1,3,0,0,'2014-02-19 01:00:00'),(14,'部门管理','/organization/manager','部门管理','icon-list',1,4,0,0,'2014-02-19 01:00:00'),(111,'列表','/resource/treeGrid','资源列表','icon-list',11,0,0,1,'2014-02-19 01:00:00'),(112,'添加','/resource/add','资源添加','icon-add',11,0,0,1,'2014-02-19 01:00:00'),(113,'编辑','/resource/edit','资源编辑','icon-edit',11,0,0,1,'2014-02-19 01:00:00'),(114,'删除','/resource/delete','资源删除','icon-del',11,0,0,1,'2014-02-19 01:00:00'),(121,'列表','/role/dataGrid','角色列表','icon-list',12,0,0,1,'2014-02-19 01:00:00'),(122,'添加','/role/add','角色添加','icon-add',12,0,0,1,'2014-02-19 01:00:00'),(123,'编辑','/role/edit','角色编辑','icon-edit',12,0,0,1,'2014-02-19 01:00:00'),(124,'删除','/role/delete','角色删除','icon-del',12,0,0,1,'2014-02-19 01:00:00'),(125,'授权','/role/grant','角色授权','icon-ok',12,0,0,1,'2014-02-19 01:00:00'),(131,'列表','/user/dataGrid','用户列表','icon-list',13,0,0,1,'2014-02-19 01:00:00'),(132,'添加','/user/add','用户添加','icon-add',13,0,0,1,'2014-02-19 01:00:00'),(133,'编辑','/user/edit','用户编辑','icon-edit',13,0,0,1,'2014-02-19 01:00:00'),(134,'删除','/user/delete','用户删除','icon-del',13,0,0,1,'2014-02-19 01:00:00'),(141,'列表','/organization/treeGrid','用户列表','icon-list',14,0,0,1,'2014-02-19 01:00:00'),(142,'添加','/organization/add','部门添加','icon-add',14,0,0,1,'2014-02-19 01:00:00'),(143,'编辑','/organization/edit','部门编辑','icon-edit',14,0,0,1,'2014-02-19 01:00:00'),(144,'删除','/organization/delete','部门删除','icon-del',14,0,0,1,'2014-02-19 01:00:00'),(221,'日志管理','/sysLog/manager',NULL,'icon-company',NULL,2,0,0,'2015-12-01 11:44:20'),(226,'修改密码','/user/editPwdPage',NULL,'icon-edit',NULL,3,0,1,'2015-12-07 20:23:06'),(230,'登录日志','/sysLog/manager',NULL,'icon-large-smartart',221,1,0,0,'2016-09-30 11:30:56'),(231,'Druid监控','/druid',NULL,'icon-large-chart',221,2,0,0,'2016-09-30 12:13:37');
/*!40000 ALTER TABLE `resource` ENABLE KEYS */;
UNLOCK TABLES;

--
-- Table structure for table `role`
--

DROP TABLE IF EXISTS `role`;
/*!40101 SET @saved_cs_client     = @@character_set_client */;
/*!40101 SET character_set_client = utf8 */;
CREATE TABLE `role` (
  `id` bigint(19) NOT NULL AUTO_INCREMENT,
  `name` varchar(64) NOT NULL,
  `seq` tinyint(2) NOT NULL DEFAULT '0',
  `description` varchar(255) DEFAULT NULL,
  `status` tinyint(2) NOT NULL DEFAULT '0',
  PRIMARY KEY (`id`)
) ENGINE=InnoDB AUTO_INCREMENT=9 DEFAULT CHARSET=utf8 COMMENT='角色';
/*!40101 SET character_set_client = @saved_cs_client */;

--
-- Dumping data for table `role`
--

LOCK TABLES `role` WRITE;
/*!40000 ALTER TABLE `role` DISABLE KEYS */;
INSERT INTO `role` VALUES (1,'超级管理员',0,'超级管理员',0),(2,'技术部经理',0,'技术部经理',0),(7,'产品部经理',0,'产品部经理',0),(8,'测试账户',0,'测试账户',0);
/*!40000 ALTER TABLE `role` ENABLE KEYS */;
UNLOCK TABLES;

--
-- Table structure for table `role_resource`
--

DROP TABLE IF EXISTS `role_resource`;
/*!40101 SET @saved_cs_client     = @@character_set_client */;
/*!40101 SET character_set_client = utf8 */;
CREATE TABLE `role_resource` (
  `id` bigint(19) NOT NULL AUTO_INCREMENT,
  `role_id` bigint(19) NOT NULL,
  `resource_id` bigint(19) NOT NULL,
  PRIMARY KEY (`id`)
) ENGINE=InnoDB AUTO_INCREMENT=409 DEFAULT CHARSET=utf8 COMMENT='角色资源';
/*!40101 SET character_set_client = @saved_cs_client */;

--
-- Dumping data for table `role_resource`
--

LOCK TABLES `role_resource` WRITE;
/*!40000 ALTER TABLE `role_resource` DISABLE KEYS */;
INSERT INTO `role_resource` VALUES (158,3,1),(159,3,11),(160,3,111),(161,3,112),(162,3,113),(163,3,114),(164,3,12),(165,3,121),(166,3,122),(167,3,123),(168,3,124),(169,3,125),(170,3,13),(171,3,131),(172,3,132),(173,3,133),(174,3,134),(175,3,14),(176,3,141),(177,3,142),(178,3,143),(179,3,144),(349,2,1),(350,2,13),(351,2,131),(352,2,132),(353,2,133),(354,2,222),(355,2,223),(356,2,224),(357,2,221),(358,2,226),(359,7,1),(360,7,14),(361,7,141),(362,7,142),(363,7,143),(364,7,222),(365,7,223),(366,7,224),(367,7,221),(368,7,226),(369,1,1),(370,1,11),(371,1,111),(372,1,112),(373,1,113),(374,1,114),(375,1,12),(376,1,121),(377,1,122),(378,1,123),(379,1,124),(380,1,125),(381,1,13),(382,1,131),(383,1,132),(384,1,133),(385,1,134),(386,1,14),(387,1,141),(388,1,142),(389,1,143),(390,1,144),(391,1,222),(392,1,223),(393,1,224),(394,1,221),(395,1,226),(396,8,1),(397,8,11),(398,8,111),(399,8,12),(400,8,121),(401,8,13),(402,8,131),(403,8,14),(404,8,141),(405,8,222),(406,8,223),(407,8,224),(408,8,221);
/*!40000 ALTER TABLE `role_resource` ENABLE KEYS */;
UNLOCK TABLES;

--
-- Table structure for table `syslog`
--

DROP TABLE IF EXISTS `syslog`;
/*!40101 SET @saved_cs_client     = @@character_set_client */;
/*!40101 SET character_set_client = utf8 */;
CREATE TABLE `syslog` (
  `id` bigint(20) NOT NULL AUTO_INCREMENT,
  `login_name` varchar(255) DEFAULT NULL,
  `role_name` varchar(255) DEFAULT NULL,
  `opt_content` varchar(1024) DEFAULT NULL,
  `client_ip` varchar(255) DEFAULT NULL,
  `create_time` datetime DEFAULT NULL,
  PRIMARY KEY (`id`)
) ENGINE=InnoDB AUTO_INCREMENT=383 DEFAULT CHARSET=utf8;
/*!40101 SET character_set_client = @saved_cs_client */;

--
-- Dumping data for table `syslog`
--

LOCK TABLES `syslog` WRITE;
/*!40000 ALTER TABLE `syslog` DISABLE KEYS */;
INSERT INTO `syslog` VALUES (3,'admin','admin','[类名]:com.wangzhixuan.controller.LoginController,[方法]:login,[参数]:null','127.0.0.1','2015-10-30 17:58:44'),(4,'admin','admin','[类名]:com.wangzhixuan.controller.LoginController,[方法]:loginPost,[参数]:username=admin&password=admin&','127.0.0.1','2015-10-30 17:58:59'),(5,'admin','admin','[类名]:com.wangzhixuan.controller.LoginController,[方法]:login,[参数]:null','127.0.0.1','2015-11-02 10:35:25'),(6,'admin','admin','[类名]:com.wangzhixuan.controller.LoginController,[方法]:loginPost,[参数]:username=admin&password=admin&','127.0.0.1','2015-11-02 10:35:42'),(7,'admin','admin','[类名]:com.wangzhixuan.controller.LoginController,[方法]:login,[参数]:null','127.0.0.1','2015-11-02 10:43:17'),(8,'admin','admin','[类名]:com.wangzhixuan.controller.LoginController,[方法]:loginPost,[参数]:username=admin&password=admin&','127.0.0.1','2015-11-02 10:43:42'),(9,'admin','admin','[类名]:com.wangzhixuan.controller.LoginController,[方法]:login,[参数]:null','127.0.0.1','2015-11-02 17:44:45'),(10,'admin','admin','[类名]:com.wangzhixuan.controller.LoginController,[方法]:loginPost,[参数]:username=admin&password=admin&','127.0.0.1','2015-11-02 17:44:49'),(11,'admin','admin','[类名]:com.wangzhixuan.controller.LoginController,[方法]:login,[参数]:null','127.0.0.1','2015-11-18 19:14:16'),(12,'admin','admin','[类名]:com.wangzhixuan.controller.LoginController,[方法]:loginPost,[参数]:username=admin&password=admin&','127.0.0.1','2015-11-18 19:14:21'),(13,'admin','admin','[类名]:com.wangzhixuan.controller.ResourceController,[方法]:editPage,[参数]:id=218&_=1448724292127&','127.0.0.1','2015-11-28 23:25:25'),(14,'admin','admin','[类名]:com.wangzhixuan.controller.ResourceController,[方法]:edit,[参数]:id=218&icon=&status=0&name=测试&seq=0&pid=216&resourcetype=0&url=/sysLog/manager&','127.0.0.1','2015-11-28 23:26:06'),(15,'admin','admin','[类名]:com.wangzhixuan.controller.LoginController,[方法]:login,[参数]:null','127.0.0.1','2015-11-28 23:52:39'),(16,'admin','admin','[类名]:com.wangzhixuan.controller.LoginController,[方法]:login,[参数]:null','127.0.0.1','2015-11-28 23:53:26'),(17,'admin','admin','[类名]:com.wangzhixuan.controller.LoginController,[方法]:login,[参数]:null','127.0.0.1','2015-11-29 14:36:08'),(18,'admin','admin','[类名]:com.wangzhixuan.controller.LoginController,[方法]:loginPost,[参数]:username=admin&password=admin&','127.0.0.1','2015-11-29 14:36:44'),(19,'admin','admin','[类名]:com.wangzhixuan.controller.LoginController,[方法]:logout,[参数]:null','127.0.0.1','2015-11-29 18:40:59'),(20,'admin','admin','[类名]:com.wangzhixuan.controller.LoginController,[方法]:logout,[参数]:null','127.0.0.1','2015-11-29 18:41:02'),(21,'admin','admin','[类名]:com.wangzhixuan.controller.LoginController,[方法]:login,[参数]:null','127.0.0.1','2015-11-29 18:41:20'),(22,'admin','admin','[类名]:com.wangzhixuan.controller.LoginController,[方法]:logout,[参数]:null','127.0.0.1','2015-11-29 18:42:09'),(23,'admin','admin','[类名]:com.wangzhixuan.controller.LoginController,[方法]:logout,[参数]:null','127.0.0.1','2015-11-29 18:44:48'),(24,'admin','admin','[类名]:com.wangzhixuan.controller.LoginController,[方法]:logout,[参数]:null','127.0.0.1','2015-11-29 23:38:07'),(25,'admin','admin','[类名]:com.wangzhixuan.controller.LoginController,[方法]:logout,[参数]:null','127.0.0.1','2015-11-30 13:00:37'),(26,'admin','admin','[类名]:com.wangzhixuan.controller.LoginController,[方法]:logout,[参数]:null','127.0.0.1','2015-11-30 13:05:38'),(27,'admin','admin','[类名]:com.wangzhixuan.controller.LoginController,[方法]:logout,[参数]:null','127.0.0.1','2015-11-30 13:08:32'),(28,'admin','admin','[类名]:com.wangzhixuan.controller.LoginController,[方法]:logout,[参数]:null','127.0.0.1','2015-11-30 13:09:35'),(29,'qaz','admin','[类名]:com.wangzhixuan.controller.LoginController,[方法]:logout,[参数]:null','127.0.0.1','2015-11-30 13:10:05'),(30,'qaz','admin','[类名]:com.wangzhixuan.controller.LoginController,[方法]:logout,[参数]:null','127.0.0.1','2015-11-30 13:12:46'),(31,'admin','admin','[类名]:com.wangzhixuan.controller.LoginController,[方法]:login,[参数]:null','127.0.0.1','2015-11-30 13:12:52'),(32,'admin','admin','[类名]:com.wangzhixuan.controller.LoginController,[方法]:logout,[参数]:null','127.0.0.1','2015-11-30 13:12:56'),(33,'admin','admin','[类名]:com.wangzhixuan.controller.OrganizationController,[方法]:editPage,[参数]:id=4&_=1448937800548&','127.0.0.1','2015-12-01 10:43:36'),(34,'admin','admin','[类名]:com.wangzhixuan.controller.OrganizationController,[方法]:delete,[参数]:id=4&','127.0.0.1','2015-12-01 10:43:43'),(35,'admin','admin','[类名]:com.wangzhixuan.controller.ResourceController,[方法]:editPage,[参数]:id=218&_=1448937800549&','127.0.0.1','2015-12-01 10:44:06'),(36,'admin','admin','[类名]:com.wangzhixuan.controller.ResourceController,[方法]:edit,[参数]:id=218&icon=&status=0&name=日志管理&seq=0&pid=&resourcetype=0&url=/sysLog/manager&','127.0.0.1','2015-12-01 10:44:27'),(37,'admin','admin','[类名]:com.wangzhixuan.controller.LoginController,[方法]:logout,[参数]:null','127.0.0.1','2015-12-01 11:08:57'),(38,'admin','admin','[类名]:com.wangzhixuan.controller.ResourceController,[方法]:delete,[参数]:id=219&','127.0.0.1','2015-12-01 11:09:21'),(39,'admin','admin','[类名]:com.wangzhixuan.controller.ResourceController,[方法]:editPage,[参数]:id=218&_=1448939340536&','127.0.0.1','2015-12-01 11:09:38'),(40,'admin','admin','[类名]:com.wangzhixuan.controller.ResourceController,[方法]:edit,[参数]:id=218&icon=&status=0&name=日志管理&seq=0&pid=&resourcetype=0&url=/sysLog/manager&','127.0.0.1','2015-12-01 11:09:50'),(41,'admin','admin','[类名]:com.wangzhixuan.controller.ResourceController,[方法]:delete,[参数]:id=217&','127.0.0.1','2015-12-01 11:10:06'),(42,'admin','admin','[类名]:com.wangzhixuan.controller.OrganizationController,[方法]:editPage,[参数]:id=3&_=1448939340537&','127.0.0.1','2015-12-01 11:10:50'),(43,'admin','admin','[类名]:com.wangzhixuan.controller.LoginController,[方法]:login,[参数]:null','127.0.0.1','2015-12-01 11:19:32'),(44,'admin','admin','[类名]:com.wangzhixuan.controller.ResourceController,[方法]:editPage,[参数]:id=218&_=1448937870495&','127.0.0.1','2015-12-01 11:36:53'),(45,'admin','admin','[类名]:com.wangzhixuan.controller.ResourceController,[方法]:edit,[参数]:id=218&icon=icon-folder&status=0&name=日志管理&seq=0&pid=216&resourcetype=0&url=/sysLog/manager&','127.0.0.1','2015-12-01 11:37:02'),(46,'admin','admin','[类名]:com.wangzhixuan.controller.ResourceController,[方法]:editPage,[参数]:id=216&_=1448937870496&','127.0.0.1','2015-12-01 11:37:05'),(47,'admin','admin','[类名]:com.wangzhixuan.controller.ResourceController,[方法]:addPage,[参数]:',NULL,'2015-12-01 11:37:10'),(48,'admin','admin','[类名]:com.wangzhixuan.controller.ResourceController,[方法]:add,[参数]:icon=icon-folder&status=0&name=日志管理&seq=0&pid=&resourcetype=0&url=&','127.0.0.1','2015-12-01 11:37:27'),(49,'admin','admin','[类名]:com.wangzhixuan.controller.ResourceController,[方法]:delete,[参数]:id=216&','127.0.0.1','2015-12-01 11:37:32'),(50,'admin','admin','[类名]:com.wangzhixuan.controller.ResourceController,[方法]:delete,[参数]:id=220&','127.0.0.1','2015-12-01 11:37:37'),(51,'admin','admin','[类名]:com.wangzhixuan.controller.LoginController,[方法]:logout,[参数]:null','127.0.0.1','2015-12-01 11:43:23'),(52,'admin','admin','[类名]:com.wangzhixuan.controller.ResourceController,[方法]:editPage,[参数]:id=218&_=1448941407091&','127.0.0.1','2015-12-01 11:43:47'),(53,'admin','admin','[类名]:com.wangzhixuan.controller.ResourceController,[方法]:edit,[参数]:id=218&icon=icon-folder&status=0&name=日志管理&seq=0&pid=216&resourcetype=0&url=&','127.0.0.1','2015-12-01 11:43:52'),(54,'admin','admin','[类名]:com.wangzhixuan.controller.ResourceController,[方法]:editPage,[参数]:id=218&_=1448941407092&','127.0.0.1','2015-12-01 11:43:56'),(55,'admin','admin','[类名]:com.wangzhixuan.controller.ResourceController,[方法]:edit,[参数]:id=218&icon=icon-folder&status=0&name=日志管理&seq=0&pid=&resourcetype=0&url=&','127.0.0.1','2015-12-01 11:44:02'),(56,'admin','admin','[类名]:com.wangzhixuan.controller.ResourceController,[方法]:editPage,[参数]:id=218&_=1448941407093&','127.0.0.1','2015-12-01 11:44:04'),(57,'admin','admin','[类名]:com.wangzhixuan.controller.ResourceController,[方法]:addPage,[参数]:',NULL,'2015-12-01 11:44:15'),(58,'admin','admin','[类名]:com.wangzhixuan.controller.ResourceController,[方法]:add,[参数]:icon=&status=0&name=信息&seq=0&pid=&resourcetype=0&url=&','127.0.0.1','2015-12-01 11:44:20'),(59,'admin','admin','[类名]:com.wangzhixuan.controller.ResourceController,[方法]:editPage,[参数]:id=221&_=1448941407095&','127.0.0.1','2015-12-01 11:44:24'),(60,'admin','admin','[类名]:com.wangzhixuan.controller.ResourceController,[方法]:delete,[参数]:id=218&','127.0.0.1','2015-12-01 11:44:28'),(61,'admin','admin','[类名]:com.wangzhixuan.controller.UserController,[方法]:editPwdPage,[参数]:',NULL,'2015-12-01 11:44:42'),(62,'admin','admin','[类名]:com.wangzhixuan.controller.ResourceController,[方法]:editPage,[参数]:id=221&_=1448941473196&','127.0.0.1','2015-12-01 11:44:52'),(63,'admin','admin','[类名]:com.wangzhixuan.controller.ResourceController,[方法]:edit,[参数]:id=221&icon=&status=0&name=日志管理&seq=0&pid=&resourcetype=0&url=&','127.0.0.1','2015-12-01 11:44:58'),(64,'admin','admin','[类名]:com.wangzhixuan.controller.ResourceController,[方法]:editPage,[参数]:id=221&_=1448941473197&','127.0.0.1','2015-12-01 11:45:12'),(65,'admin','admin','[类名]:com.wangzhixuan.controller.ResourceController,[方法]:editPage,[参数]:id=221&_=1448941473198&','127.0.0.1','2015-12-01 11:58:16'),(66,'admin','admin','[类名]:com.wangzhixuan.controller.ResourceController,[方法]:edit,[参数]:id=221&icon=icon-company&status=0&name=日志管理&seq=0&pid=&resourcetype=0&url=&','127.0.0.1','2015-12-01 11:58:19'),(67,'admin','admin','[类名]:com.wangzhixuan.controller.LoginController,[方法]:login,[参数]:null','127.0.0.1','2015-12-06 12:10:52'),(68,'admin','admin','[类名]:com.wangzhixuan.controller.LoginController,[方法]:loginPost,[参数]:username=admin&password=admin&','127.0.0.1','2015-12-06 12:10:55'),(69,'admin','admin','[类名]:com.wangzhixuan.controller.RoleController,[方法]:delete,[参数]:id=4&','127.0.0.1','2015-12-06 12:11:08'),(70,'admin','admin','[类名]:com.wangzhixuan.controller.RoleController,[方法]:delete,[参数]:id=5&','127.0.0.1','2015-12-06 12:11:11'),(71,'admin','admin','[类名]:com.wangzhixuan.controller.RoleController,[方法]:delete,[参数]:id=6&','127.0.0.1','2015-12-06 12:11:13'),(72,'admin','admin','[类名]:com.wangzhixuan.controller.RoleController,[方法]:delete,[参数]:id=3&','127.0.0.1','2015-12-06 12:11:16'),(73,'admin','admin','[类名]:com.wangzhixuan.controller.RoleController,[方法]:editPage,[参数]:id=2&_=1449375056663&','127.0.0.1','2015-12-06 12:11:19'),(74,'admin','admin','[类名]:com.wangzhixuan.controller.RoleController,[方法]:edit,[参数]:id=2&status=0&description=技术部经理&name=技术部经理&seq=0&','127.0.0.1','2015-12-06 12:11:33'),(75,'admin','admin','[类名]:com.wangzhixuan.controller.RoleController,[方法]:editPage,[参数]:id=1&_=1449375056664&','127.0.0.1','2015-12-06 12:11:35'),(76,'admin','admin','[类名]:com.wangzhixuan.controller.RoleController,[方法]:edit,[参数]:id=1&status=0&description=超级管理员&name=超级管理员&seq=0&','127.0.0.1','2015-12-06 12:11:39'),(77,'admin','admin','[类名]:com.wangzhixuan.controller.RoleController,[方法]:addPage,[参数]:',NULL,'2015-12-06 12:11:41'),(78,'admin','admin','[类名]:com.wangzhixuan.controller.RoleController,[方法]:add,[参数]:status=0&description=产品部经理&name=产品部经理&seq=0&','127.0.0.1','2015-12-06 12:11:57'),(79,'admin','admin','[类名]:com.wangzhixuan.controller.UserController,[方法]:editPage,[参数]:id=1&_=1449375056666&','127.0.0.1','2015-12-06 12:12:09'),(80,'admin','admin','[类名]:com.wangzhixuan.controller.UserController,[方法]:edit,[参数]:id=1&loginname=admin&phone=18707173376&sex=0&status=0&age=18&name=admin&usertype=0&organizationId=1&password=&roleIds=1&','127.0.0.1','2015-12-06 12:12:37'),(81,'admin','admin','[类名]:com.wangzhixuan.controller.UserController,[方法]:editPage,[参数]:id=13&_=1449375056667&','127.0.0.1','2015-12-06 12:12:42'),(82,'admin','admin','[类名]:com.wangzhixuan.controller.UserController,[方法]:edit,[参数]:id=13&loginname=snoopy&phone=&sex=0&status=0&age=25&name=snoopy&usertype=1&organizationId=3&password=&roleIds=2&','127.0.0.1','2015-12-06 12:13:26'),(83,'admin','admin','[类名]:com.wangzhixuan.controller.UserController,[方法]:editPage,[参数]:id=1&_=1449375056668&','127.0.0.1','2015-12-06 12:13:30'),(84,'admin','admin','[类名]:com.wangzhixuan.controller.UserController,[方法]:edit,[参数]:id=1&loginname=admin&phone=18707173376&sex=0&status=0&age=25&name=admin&usertype=0&organizationId=1&password=&roleIds=1&','127.0.0.1','2015-12-06 12:13:36'),(85,'admin','admin','[类名]:com.wangzhixuan.controller.UserController,[方法]:editPage,[参数]:id=13&_=1449375056669&','127.0.0.1','2015-12-06 12:13:40'),(86,'admin','admin','[类名]:com.wangzhixuan.controller.UserController,[方法]:edit,[参数]:id=13&loginname=snoopy&phone=18707173376&sex=0&status=0&age=25&name=snoopy&usertype=1&organizationId=3&password=&roleIds=2&','127.0.0.1','2015-12-06 12:13:43'),(87,'admin','admin','[类名]:com.wangzhixuan.controller.UserController,[方法]:editPage,[参数]:id=14&_=1449375056670&','127.0.0.1','2015-12-06 12:13:45'),(88,'admin','admin','[类名]:com.wangzhixuan.controller.UserController,[方法]:edit,[参数]:id=14&loginname=dreamlu&phone=&sex=0&status=0&age=0&name=dreamlu&usertype=1&organizationId=3&password=123456&roleIds=7&','127.0.0.1','2015-12-06 12:14:37'),(89,'admin','admin','[类名]:com.wangzhixuan.controller.UserController,[方法]:editPage,[参数]:id=13&_=1449375056671&','127.0.0.1','2015-12-06 12:14:41'),(90,'admin','admin','[类名]:com.wangzhixuan.controller.UserController,[方法]:edit,[参数]:id=13&loginname=snoopy&phone=18707173376&sex=0&status=0&age=25&name=snoopy&usertype=1&organizationId=3&password=123456&roleIds=2&','127.0.0.1','2015-12-06 12:14:46'),(91,'admin','admin','[类名]:com.wangzhixuan.controller.UserController,[方法]:editPage,[参数]:id=14&_=1449375056672&','127.0.0.1','2015-12-06 12:14:47'),(92,'admin','admin','[类名]:com.wangzhixuan.controller.UserController,[方法]:edit,[参数]:id=14&loginname=dreamlu&phone=18707173376&sex=0&status=0&age=0&name=dreamlu&usertype=1&organizationId=3&password=123456&roleIds=7&','127.0.0.1','2015-12-06 12:14:53'),(93,'admin','admin','[类名]:com.wangzhixuan.controller.OrganizationController,[方法]:addPage,[参数]:',NULL,'2015-12-06 12:15:13'),(94,'admin','admin','[类名]:com.wangzhixuan.controller.OrganizationController,[方法]:add,[参数]:icon=icon-folder&address=&name=产品部&seq=0&pid=&code=产品部&','127.0.0.1','2015-12-06 12:15:30'),(95,'admin','admin','[类名]:com.wangzhixuan.controller.OrganizationController,[方法]:editPage,[参数]:id=5&_=1449375056674&','127.0.0.1','2015-12-06 12:15:42'),(96,'admin','admin','[类名]:com.wangzhixuan.controller.OrganizationController,[方法]:edit,[参数]:id=5&icon=icon-company&address=&name=产品部&seq=0&pid=&code=03&','127.0.0.1','2015-12-06 12:15:50'),(97,'admin','admin','[类名]:com.wangzhixuan.controller.UserController,[方法]:editPage,[参数]:id=14&_=1449375056675&','127.0.0.1','2015-12-06 12:15:58'),(98,'admin','admin','[类名]:com.wangzhixuan.controller.UserController,[方法]:edit,[参数]:id=14&loginname=dreamlu&phone=18707173376&sex=0&status=0&age=0&name=dreamlu&usertype=1&organizationId=5&password=&roleIds=7&','127.0.0.1','2015-12-06 12:16:01'),(99,'admin','admin','[类名]:com.wangzhixuan.controller.UserController,[方法]:editPage,[参数]:id=14&_=1449375365022&','127.0.0.1','2015-12-06 12:16:12'),(100,'admin','admin','[类名]:com.wangzhixuan.controller.UserController,[方法]:edit,[参数]:id=14&loginname=dreamlu&phone=18707173376&sex=0&status=0&age=25&name=dreamlu&usertype=1&organizationId=5&password=&roleIds=7&','127.0.0.1','2015-12-06 12:16:15'),(101,'admin','admin','[类名]:com.wangzhixuan.controller.ResourceController,[方法]:editPage,[参数]:id=221&_=1449375365023&','127.0.0.1','2015-12-06 12:16:33'),(102,'admin','admin','[类名]:com.wangzhixuan.controller.ResourceController,[方法]:edit,[参数]:id=221&icon=icon-company&status=0&name=日志管理&seq=0&pid=&resourcetype=0&url=/sysLog/manager&','127.0.0.1','2015-12-06 12:17:29'),(103,'admin','admin','[类名]:com.wangzhixuan.controller.RoleController,[方法]:grantPage,[参数]:id=1&_=1449375468115&','127.0.0.1','2015-12-06 12:18:30'),(104,'admin','admin','[类名]:com.wangzhixuan.controller.RoleController,[方法]:grant,[参数]:id=1&resourceIds=1,11,111,112,113,114,12,121,122,123,124,125,13,131,132,133,134,14,141,142,143,144,221&','127.0.0.1','2015-12-06 12:18:36'),(105,'admin','admin','[类名]:com.wangzhixuan.controller.RoleController,[方法]:grantPage,[参数]:id=2&_=1449375468116&','127.0.0.1','2015-12-06 12:18:39'),(106,'admin','admin','[类名]:com.wangzhixuan.controller.RoleController,[方法]:grant,[参数]:id=2&resourceIds=13,131,132,133,134,221&','127.0.0.1','2015-12-06 12:18:55'),(107,'admin','admin','[类名]:com.wangzhixuan.controller.RoleController,[方法]:grantPage,[参数]:id=7&_=1449375468117&','127.0.0.1','2015-12-06 12:18:57'),(108,'admin','admin','[类名]:com.wangzhixuan.controller.RoleController,[方法]:grant,[参数]:id=7&resourceIds=14,141,142,143,221&','127.0.0.1','2015-12-06 12:19:13'),(109,'admin','admin','[类名]:com.wangzhixuan.controller.LoginController,[方法]:logout,[参数]:null','127.0.0.1','2015-12-06 12:19:16'),(110,'snoopy','admin','[类名]:com.wangzhixuan.controller.LoginController,[方法]:logout,[参数]:null','127.0.0.1','2015-12-06 12:21:33'),(111,'admin','admin','[类名]:com.wangzhixuan.controller.UserController,[方法]:editPage,[参数]:id=14&_=1449375726916&','127.0.0.1','2015-12-06 12:22:16'),(112,'admin','admin','[类名]:com.wangzhixuan.controller.UserController,[方法]:edit,[参数]:id=14&loginname=dreamlu&phone=18707173376&sex=0&status=0&age=25&name=dreamlu&usertype=1&organizationId=5&password=123456&roleIds=7&','127.0.0.1','2015-12-06 12:22:21'),(113,'admin','admin','[类名]:com.wangzhixuan.controller.UserController,[方法]:editPage,[参数]:id=14&_=1449375726917&','127.0.0.1','2015-12-06 12:22:40'),(114,'admin','admin','[类名]:com.wangzhixuan.controller.UserController,[方法]:edit,[参数]:id=14&loginname=dreamlu&phone=18707173376&sex=0&status=0&age=25&name=dreamlu&usertype=1&organizationId=5&password=123456&roleIds=7&','127.0.0.1','2015-12-06 12:22:49'),(115,'admin','admin','[类名]:com.wangzhixuan.controller.UserController,[方法]:editPage,[参数]:id=14&_=1449375726918&','127.0.0.1','2015-12-06 12:22:51'),(116,'admin','admin','[类名]:com.wangzhixuan.controller.UserController,[方法]:edit,[参数]:id=14&loginname=dreamlu&phone=18707173376&sex=0&status=0&age=25&name=dreamlu&usertype=1&organizationId=5&password=123456&roleIds=7&','127.0.0.1','2015-12-06 12:23:24'),(117,'admin','admin','[类名]:com.wangzhixuan.controller.UserController,[方法]:editPage,[参数]:id=14&_=1449375726919&','127.0.0.1','2015-12-06 12:23:31'),(118,'admin','admin','[类名]:com.wangzhixuan.controller.UserController,[方法]:edit,[参数]:id=14&loginname=dreamlu&phone=18707173376&sex=0&status=0&age=25&name=dreamlu&usertype=1&organizationId=5&password=admin&roleIds=7&','127.0.0.1','2015-12-06 12:23:36'),(119,'admin','admin','[类名]:com.wangzhixuan.controller.LoginController,[方法]:logout,[参数]:null','127.0.0.1','2015-12-06 12:23:46'),(120,'dreamlu','admin','[类名]:com.wangzhixuan.controller.LoginController,[方法]:logout,[参数]:null','127.0.0.1','2015-12-06 12:24:07'),(121,'admin','admin','[类名]:com.wangzhixuan.controller.RoleController,[方法]:grantPage,[参数]:id=2&_=1449375852321&','127.0.0.1','2015-12-06 12:24:19'),(122,'admin','admin','[类名]:com.wangzhixuan.controller.RoleController,[方法]:grantPage,[参数]:id=2&_=1449375852322&','127.0.0.1','2015-12-06 12:25:03'),(123,'admin','admin','[类名]:com.wangzhixuan.controller.RoleController,[方法]:grant,[参数]:id=2&resourceIds=1,13,131,132,133,134,221&','127.0.0.1','2015-12-06 12:25:30'),(124,'admin','admin','[类名]:com.wangzhixuan.controller.LoginController,[方法]:logout,[参数]:null','127.0.0.1','2015-12-06 12:25:32'),(125,'dreamlu','admin','[类名]:com.wangzhixuan.controller.LoginController,[方法]:logout,[参数]:null','127.0.0.1','2015-12-06 12:25:42'),(126,'admin','admin','[类名]:com.wangzhixuan.controller.UserController,[方法]:editPwdPage,[参数]:',NULL,'2015-12-06 12:25:51'),(127,'admin','admin','[类名]:com.wangzhixuan.controller.RoleController,[方法]:editPage,[参数]:id=7&_=1449375949053&','127.0.0.1','2015-12-06 12:25:57'),(128,'admin','admin','[类名]:com.wangzhixuan.controller.RoleController,[方法]:grantPage,[参数]:id=7&_=1449375949054&','127.0.0.1','2015-12-06 12:25:59'),(129,'admin','admin','[类名]:com.wangzhixuan.controller.RoleController,[方法]:grant,[参数]:id=7&resourceIds=1,14,141,142,143,221&','127.0.0.1','2015-12-06 12:26:03'),(130,'admin','admin','[类名]:com.wangzhixuan.controller.LoginController,[方法]:logout,[参数]:null','127.0.0.1','2015-12-06 12:26:06'),(131,'dreamlu','admin','[类名]:com.wangzhixuan.controller.OrganizationController,[方法]:editPage,[参数]:id=1&_=1449375972808&','127.0.0.1','2015-12-06 12:26:19'),(132,'dreamlu','admin','[类名]:com.wangzhixuan.controller.LoginController,[方法]:logout,[参数]:null','127.0.0.1','2015-12-06 12:26:37'),(133,'snoopy','admin','[类名]:com.wangzhixuan.controller.UserController,[方法]:addPage,[参数]:',NULL,'2015-12-06 12:27:13'),(134,'snoopy','admin','[类名]:com.wangzhixuan.controller.UserController,[方法]:editPage,[参数]:id=1&_=1449376026245&','127.0.0.1','2015-12-06 12:27:35'),(135,'snoopy','admin','[类名]:com.wangzhixuan.controller.LoginController,[方法]:logout,[参数]:null','127.0.0.1','2015-12-06 12:27:50'),(136,'admin','admin','[类名]:com.wangzhixuan.controller.UserController,[方法]:addPage,[参数]:',NULL,'2015-12-06 12:28:27'),(137,'admin','admin','[类名]:com.wangzhixuan.controller.ResourceController,[方法]:editPage,[参数]:id=1&_=1449376091840&','127.0.0.1','2015-12-06 12:29:44'),(138,'admin','admin','[类名]:com.wangzhixuan.controller.ResourceController,[方法]:editPage,[参数]:id=221&_=1449376091841&','127.0.0.1','2015-12-06 12:29:47'),(139,'admin','admin','[类名]:com.wangzhixuan.controller.ResourceController,[方法]:edit,[参数]:id=221&icon=icon-company&status=0&name=日志管理&seq=1&pid=&resourcetype=0&url=/sysLog/manager&','127.0.0.1','2015-12-06 12:29:52'),(140,'admin','admin','[类名]:com.wangzhixuan.controller.OrganizationController,[方法]:editPage,[参数]:id=1&_=1449376091842&','127.0.0.1','2015-12-06 12:30:26'),(141,'admin','admin','[类名]:com.wangzhixuan.controller.OrganizationController,[方法]:editPage,[参数]:id=3&_=1449376091843&','127.0.0.1','2015-12-06 12:30:28'),(142,'admin','admin','[类名]:com.wangzhixuan.controller.OrganizationController,[方法]:edit,[参数]:id=3&icon=icon-company&address=&name=技术部&seq=1&pid=&code=02&','127.0.0.1','2015-12-06 12:30:30'),(143,'admin','admin','[类名]:com.wangzhixuan.controller.OrganizationController,[方法]:editPage,[参数]:id=5&_=1449376091844&','127.0.0.1','2015-12-06 12:30:34'),(144,'admin','admin','[类名]:com.wangzhixuan.controller.OrganizationController,[方法]:edit,[参数]:id=5&icon=icon-company&address=&name=产品部&seq=2&pid=&code=03&','127.0.0.1','2015-12-06 12:30:37'),(145,'admin','admin','[类名]:com.wangzhixuan.controller.LoginController,[方法]:logout,[参数]:null','127.0.0.1','2015-12-06 12:31:04'),(146,'snoopy','admin','[类名]:com.wangzhixuan.controller.LoginController,[方法]:logout,[参数]:null','127.0.0.1','2015-12-06 12:31:29'),(147,'snoopy','admin','[类名]:com.wangzhixuan.controller.LoginController,[方法]:logout,[参数]:null','127.0.0.1','2015-12-06 12:36:12'),(148,'snoopy','admin','[类名]:com.wangzhixuan.controller.LoginController,[方法]:logout,[参数]:null','127.0.0.1','2015-12-06 12:36:42'),(149,'snoopy','admin','[类名]:com.wangzhixuan.controller.LoginController,[方法]:logout,[参数]:null','127.0.0.1','2015-12-06 12:39:16'),(150,'admin','admin','[类名]:com.wangzhixuan.controller.ResourceController,[方法]:editPage,[参数]:id=1&_=1449376768451&','127.0.0.1','2015-12-06 12:39:56'),(151,'admin','admin','[类名]:com.wangzhixuan.controller.ResourceController,[方法]:addPage,[参数]:',NULL,'2015-12-06 12:40:20'),(152,'admin','admin','[类名]:com.wangzhixuan.controller.ResourceController,[方法]:add,[参数]:icon=&status=0&name=视频教程&seq=0&pid=&resourcetype=0&url=&','127.0.0.1','2015-12-06 12:40:42'),(153,'admin','admin','[类名]:com.wangzhixuan.controller.ResourceController,[方法]:editPage,[参数]:id=222&_=1449376846336&','127.0.0.1','2015-12-06 12:41:00'),(154,'admin','admin','[类名]:com.wangzhixuan.controller.ResourceController,[方法]:editPage,[参数]:id=222&_=1449376846337&','127.0.0.1','2015-12-06 12:41:04'),(155,'admin','admin','[类名]:com.wangzhixuan.controller.ResourceController,[方法]:edit,[参数]:id=222&icon=&status=0&name=视频教程&seq=2&pid=&resourcetype=0&url=&','127.0.0.1','2015-12-06 12:41:08'),(156,'admin','admin','[类名]:com.wangzhixuan.controller.ResourceController,[方法]:editPage,[参数]:id=222&_=1449376846338&','127.0.0.1','2015-12-06 12:41:20'),(157,'admin','admin','[类名]:com.wangzhixuan.controller.ResourceController,[方法]:edit,[参数]:id=222&icon=icon-company&status=0&name=视频教程&seq=2&pid=&resourcetype=0&url=&','127.0.0.1','2015-12-06 12:41:25'),(158,'admin','admin','[类名]:com.wangzhixuan.controller.ResourceController,[方法]:addPage,[参数]:',NULL,'2015-12-06 12:42:13'),(159,'admin','admin','[类名]:com.wangzhixuan.controller.ResourceController,[方法]:add,[参数]:icon=&status=0&name=官方网站&seq=0&pid=222&resourcetype=0&url=http://www.dreamlu.net/&','127.0.0.1','2015-12-06 12:42:42'),(160,'admin','admin','[类名]:com.wangzhixuan.controller.ResourceController,[方法]:editPage,[参数]:id=223&_=1449376846340&','127.0.0.1','2015-12-06 12:42:52'),(161,'admin','admin','[类名]:com.wangzhixuan.controller.ResourceController,[方法]:edit,[参数]:id=223&icon=icon-folder&status=0&name=官方网站&seq=0&pid=222&resourcetype=0&url=http://www.dreamlu.net/&','127.0.0.1','2015-12-06 12:42:57'),(162,'admin','admin','[类名]:com.wangzhixuan.controller.ResourceController,[方法]:addPage,[参数]:',NULL,'2015-12-06 12:43:12'),(163,'admin','admin','[类名]:com.wangzhixuan.controller.ResourceController,[方法]:add,[参数]:icon=&status=0&name=JFinal2.0视频&seq=1&pid=222&resourcetype=0&url=http://blog.dreamlu.net/blog/79&','127.0.0.1','2015-12-06 12:45:28'),(164,'admin','admin','[类名]:com.wangzhixuan.controller.ResourceController,[方法]:editPage,[参数]:id=224&_=1449376846342&','127.0.0.1','2015-12-06 12:45:32'),(165,'admin','admin','[类名]:com.wangzhixuan.controller.ResourceController,[方法]:edit,[参数]:id=224&icon=icon-folder&status=0&name=JFinal2.0视频&seq=1&pid=222&resourcetype=0&url=http://blog.dreamlu.net/blog/79&','127.0.0.1','2015-12-06 12:45:36'),(166,'admin','admin','[类名]:com.wangzhixuan.controller.ResourceController,[方法]:addPage,[参数]:',NULL,'2015-12-06 12:45:55'),(167,'admin','admin','[类名]:com.wangzhixuan.controller.ResourceController,[方法]:add,[参数]:icon=&status=0&name=JFinal2.0视频源码&seq=0&pid=222&resourcetype=0&url=http://git.oschina.net/596392912/JFinal2.0-beetl-training&','127.0.0.1','2015-12-06 12:47:00'),(168,'admin','admin','[类名]:com.wangzhixuan.controller.ResourceController,[方法]:editPage,[参数]:id=225&_=1449376846344&','127.0.0.1','2015-12-06 12:47:03'),(169,'admin','admin','[类名]:com.wangzhixuan.controller.ResourceController,[方法]:edit,[参数]:id=225&icon=&status=0&name=JFinal2.0视频源码&seq=2&pid=222&resourcetype=0&url=http://git.oschina.net/596392912/JFinal2.0-beetl-training&','127.0.0.1','2015-12-06 12:47:09'),(170,'admin','admin','[类名]:com.wangzhixuan.controller.ResourceController,[方法]:editPage,[参数]:id=225&_=1449376846345&','127.0.0.1','2015-12-06 12:47:21'),(171,'admin','admin','[类名]:com.wangzhixuan.controller.ResourceController,[方法]:edit,[参数]:id=225&icon=icon-folder&status=0&name=视频源码&seq=2&pid=222&resourcetype=0&url=http://git.oschina.net/596392912/JFinal2.0-beetl-training&','127.0.0.1','2015-12-06 12:47:30'),(172,'admin','admin','[类名]:com.wangzhixuan.controller.ResourceController,[方法]:editPage,[参数]:id=222&_=1449377269160&','127.0.0.1','2015-12-06 12:48:09'),(173,'admin','admin','[类名]:com.wangzhixuan.controller.ResourceController,[方法]:edit,[参数]:id=222&icon=icon-company&status=0&name=视频教程&seq=1&pid=&resourcetype=0&url=&','127.0.0.1','2015-12-06 12:48:13'),(174,'admin','admin','[类名]:com.wangzhixuan.controller.ResourceController,[方法]:editPage,[参数]:id=221&_=1449377269161&','127.0.0.1','2015-12-06 12:48:15'),(175,'admin','admin','[类名]:com.wangzhixuan.controller.ResourceController,[方法]:edit,[参数]:id=221&icon=icon-company&status=0&name=日志管理&seq=2&pid=&resourcetype=0&url=/sysLog/manager&','127.0.0.1','2015-12-06 12:48:19'),(176,'admin','admin','[类名]:com.wangzhixuan.controller.ResourceController,[方法]:editPage,[参数]:id=223&_=1449377269162&','127.0.0.1','2015-12-06 12:48:33'),(177,'admin','admin','[类名]:com.wangzhixuan.controller.ResourceController,[方法]:editPage,[参数]:id=224&_=1449377269163&','127.0.0.1','2015-12-06 12:48:36'),(178,'admin','admin','[类名]:com.wangzhixuan.controller.ResourceController,[方法]:edit,[参数]:id=224&icon=icon-folder&status=0&name=JFinal视频&seq=1&pid=222&resourcetype=0&url=http://blog.dreamlu.net/blog/79&','127.0.0.1','2015-12-06 12:48:42'),(179,'admin','admin','[类名]:com.wangzhixuan.controller.ResourceController,[方法]:editPage,[参数]:id=224&_=1449377269164&','127.0.0.1','2015-12-06 12:48:53'),(180,'admin','admin','[类名]:com.wangzhixuan.controller.ResourceController,[方法]:edit,[参数]:id=224&icon=icon-folder&status=0&name=jfinal视频&seq=1&pid=222&resourcetype=0&url=http://blog.dreamlu.net/blog/79&','127.0.0.1','2015-12-06 12:49:01'),(181,'admin','admin','[类名]:com.wangzhixuan.controller.LoginController,[方法]:loginPost,[参数]:username=admin&password=admin&','127.0.0.1','2015-12-06 13:09:23'),(182,'admin','admin','[类名]:com.wangzhixuan.controller.ResourceController,[方法]:delete,[参数]:id=225&','127.0.0.1','2015-12-06 13:09:29'),(183,'admin','admin','[类名]:com.wangzhixuan.controller.RoleController,[方法]:addPage,[参数]:',NULL,'2015-12-06 13:09:42'),(184,'admin','admin','[类名]:com.wangzhixuan.controller.RoleController,[方法]:grantPage,[参数]:id=1&_=1449378563775&','127.0.0.1','2015-12-06 13:09:48'),(185,'admin','admin','[类名]:com.wangzhixuan.controller.RoleController,[方法]:grant,[参数]:id=1&resourceIds=1,11,111,112,113,114,12,121,122,123,124,125,13,131,132,133,134,14,141,142,143,144,222,223,224,221&','127.0.0.1','2015-12-06 13:09:53'),(186,'admin','admin','[类名]:com.wangzhixuan.controller.RoleController,[方法]:grantPage,[参数]:id=2&_=1449378563776&','127.0.0.1','2015-12-06 13:09:55'),(187,'admin','admin','[类名]:com.wangzhixuan.controller.RoleController,[方法]:grant,[参数]:id=2&resourceIds=1,13,131,132,133,134,222,223,224,221&','127.0.0.1','2015-12-06 13:09:59'),(188,'admin','admin','[类名]:com.wangzhixuan.controller.RoleController,[方法]:grantPage,[参数]:id=7&_=1449378563777&','127.0.0.1','2015-12-06 13:10:00'),(189,'admin','admin','[类名]:com.wangzhixuan.controller.RoleController,[方法]:grant,[参数]:id=7&resourceIds=1,14,141,142,143,222,223,224,221&','127.0.0.1','2015-12-06 13:10:04'),(190,'admin','admin','[类名]:com.wangzhixuan.controller.LoginController,[方法]:logout,[参数]:null','127.0.0.1','2015-12-06 13:10:08'),(191,'admin','admin','[类名]:com.wangzhixuan.controller.RoleController,[方法]:addPage,[参数]:',NULL,'2015-12-06 13:10:28'),(192,'admin','admin','[类名]:com.wangzhixuan.controller.RoleController,[方法]:add,[参数]:status=0&description=测试账户&name=测试账户&seq=0&','127.0.0.1','2015-12-06 13:10:40'),(193,'admin','admin','[类名]:com.wangzhixuan.controller.UserController,[方法]:addPage,[参数]:',NULL,'2015-12-06 13:10:45'),(194,'admin','admin','[类名]:com.wangzhixuan.controller.UserController,[方法]:addPage,[参数]:',NULL,'2015-12-06 13:11:24'),(195,'admin','admin','[类名]:com.wangzhixuan.controller.OrganizationController,[方法]:addPage,[参数]:',NULL,'2015-12-06 13:11:27'),(196,'admin','admin','[类名]:com.wangzhixuan.controller.OrganizationController,[方法]:addPage,[参数]:',NULL,'2015-12-06 13:11:40'),(197,'admin','admin','[类名]:com.wangzhixuan.controller.OrganizationController,[方法]:editPage,[参数]:id=3&_=1449378619302&','127.0.0.1','2015-12-06 13:11:52'),(198,'admin','admin','[类名]:com.wangzhixuan.controller.OrganizationController,[方法]:addPage,[参数]:',NULL,'2015-12-06 13:11:56'),(199,'admin','admin','[类名]:com.wangzhixuan.controller.OrganizationController,[方法]:add,[参数]:icon=icon-folder&address=&name=测试组&seq=0&pid=3&code=04&','127.0.0.1','2015-12-06 13:12:18'),(200,'admin','admin','[类名]:com.wangzhixuan.controller.UserController,[方法]:addPage,[参数]:',NULL,'2015-12-06 13:12:28'),(201,'admin','admin','[类名]:com.wangzhixuan.controller.UserController,[方法]:addPage,[参数]:',NULL,'2015-12-06 13:12:36'),(202,'admin','admin','[类名]:com.wangzhixuan.controller.UserController,[方法]:add,[参数]:loginname=test&phone=&sex=0&status=0&age=25&name=test&usertype=1&organizationId=6&password=admin&roleIds=8&','127.0.0.1','2015-12-06 13:13:03'),(203,'admin','admin','[类名]:com.wangzhixuan.controller.UserController,[方法]:editPage,[参数]:id=15&_=1449378750752&','127.0.0.1','2015-12-06 13:13:11'),(204,'admin','admin','[类名]:com.wangzhixuan.controller.UserController,[方法]:edit,[参数]:id=15&loginname=test&phone=18707173376&sex=0&status=0&age=25&name=test&usertype=1&organizationId=6&password=&roleIds=8&','127.0.0.1','2015-12-06 13:13:15'),(205,'admin','admin','[类名]:com.wangzhixuan.controller.LoginController,[方法]:logout,[参数]:null','127.0.0.1','2015-12-06 13:13:20'),(206,'admin','admin','[类名]:com.wangzhixuan.controller.UserController,[方法]:editPwdPage,[参数]:',NULL,'2015-12-06 13:13:36'),(207,'admin','admin','[类名]:com.wangzhixuan.controller.UserController,[方法]:editUserPwd,[参数]:oldPwd=admin&rePwd=123456qaz&pwd=123456qaz&','127.0.0.1','2015-12-06 13:14:05'),(208,'admin','admin','[类名]:com.wangzhixuan.controller.RoleController,[方法]:grantPage,[参数]:id=8&_=1449378807806&','127.0.0.1','2015-12-06 13:14:16'),(209,'admin','admin','[类名]:com.wangzhixuan.controller.RoleController,[方法]:grant,[参数]:id=8&resourceIds=1,11,111,12,121,13,131,14,141,222,223,224,221&','127.0.0.1','2015-12-06 13:14:40'),(210,'admin','admin','[类名]:com.wangzhixuan.controller.LoginController,[方法]:logout,[参数]:null','127.0.0.1','2015-12-06 13:14:43'),(211,'admin','admin','[类名]:com.wangzhixuan.controller.UserController,[方法]:editPwdPage,[参数]:',NULL,'2015-12-06 13:15:29'),(212,'admin','admin','[类名]:com.wangzhixuan.controller.UserController,[方法]:editPage,[参数]:id=15&_=1449378923020&','127.0.0.1','2015-12-06 13:15:37'),(213,'admin','admin','[类名]:com.wangzhixuan.controller.UserController,[方法]:edit,[参数]:id=15&loginname=test&phone=18707173376&sex=0&status=0&age=25&name=test&usertype=1&organizationId=6&password=admin&roleIds=8&','127.0.0.1','2015-12-06 13:15:42'),(214,'admin','admin','[类名]:com.wangzhixuan.controller.LoginController,[方法]:logout,[参数]:null','127.0.0.1','2015-12-06 13:15:52'),(215,'test','admin','[类名]:com.wangzhixuan.controller.LoginController,[方法]:logout,[参数]:null','127.0.0.1','2015-12-06 13:16:40'),(216,'admin','admin','[类名]:com.wangzhixuan.controller.LoginController,[方法]:logout,[参数]:null','127.0.0.1','2015-12-06 13:17:18'),(217,'admin','admin','[类名]:com.wangzhixuan.controller.UserController,[方法]:editPage,[参数]:id=1&_=1449452930847&','127.0.0.1','2015-12-07 09:49:12'),(218,'admin','admin','[类名]:com.wangzhixuan.controller.UserController,[方法]:edit,[参数]:id=1&loginname=admin&phone=18707173376&sex=0&status=0&age=25&name=admin&usertype=0&organizationId=1&password=test&roleIds=1&','127.0.0.1','2015-12-07 09:49:18'),(219,'admin','admin','[类名]:com.wangzhixuan.controller.UserController,[方法]:editPage,[参数]:id=13&_=1449452930848&','127.0.0.1','2015-12-07 09:49:20'),(220,'admin','admin','[类名]:com.wangzhixuan.controller.UserController,[方法]:edit,[参数]:id=13&loginname=snoopy&phone=18707173376&sex=0&status=0&age=25&name=snoopy&usertype=1&organizationId=3&password=test&roleIds=2&','127.0.0.1','2015-12-07 09:49:26'),(221,'admin','admin','[类名]:com.wangzhixuan.controller.UserController,[方法]:editPage,[参数]:id=14&_=1449452930849&','127.0.0.1','2015-12-07 09:49:27'),(222,'admin','admin','[类名]:com.wangzhixuan.controller.UserController,[方法]:edit,[参数]:id=14&loginname=dreamlu&phone=18707173376&sex=0&status=0&age=25&name=dreamlu&usertype=1&organizationId=5&password=test&roleIds=7&','127.0.0.1','2015-12-07 09:49:32'),(223,'admin','admin','[类名]:com.wangzhixuan.controller.LoginController,[方法]:logout,[参数]:null','127.0.0.1','2015-12-07 09:49:37'),(224,'admin','admin','[类名]:com.wangzhixuan.controller.LoginController,[方法]:logout,[参数]:null','127.0.0.1','2015-12-07 09:49:45'),(225,'admin','admin','[类名]:com.wangzhixuan.controller.ResourceController,[方法]:addPage,[参数]:',NULL,'2015-12-07 20:22:40'),(226,'admin','admin','[类名]:com.wangzhixuan.controller.ResourceController,[方法]:add,[参数]:icon=&status=0&name=修改密码&seq=0&pid=&resourcetype=1&url=&','127.0.0.1','2015-12-07 20:23:06'),(227,'admin','admin','[类名]:com.wangzhixuan.controller.ResourceController,[方法]:editPage,[参数]:id=226&_=1449490954500&','127.0.0.1','2015-12-07 20:23:16'),(228,'admin','admin','[类名]:com.wangzhixuan.controller.ResourceController,[方法]:edit,[参数]:id=226&icon=修改密码&status=0&name=修改密码&seq=0&pid=&resourcetype=1&url=&','127.0.0.1','2015-12-07 20:23:22'),(229,'admin','admin','[类名]:com.wangzhixuan.controller.ResourceController,[方法]:editPage,[参数]:id=222&_=1449491005264&','127.0.0.1','2015-12-07 20:23:57'),(230,'admin','admin','[类名]:com.wangzhixuan.controller.ResourceController,[方法]:editPage,[参数]:id=226&_=1449491005265&','127.0.0.1','2015-12-07 20:24:00'),(231,'admin','admin','[类名]:com.wangzhixuan.controller.ResourceController,[方法]:edit,[参数]:id=226&icon=icon-edit&status=0&name=修改密码&seq=0&pid=&resourcetype=1&url=&','127.0.0.1','2015-12-07 20:24:04'),(232,'admin','admin','[类名]:com.wangzhixuan.controller.ResourceController,[方法]:editPage,[参数]:id=226&_=1449491005266&','127.0.0.1','2015-12-07 20:24:13'),(233,'admin','admin','[类名]:com.wangzhixuan.controller.ResourceController,[方法]:edit,[参数]:id=226&icon=icon-edit&status=0&name=修改密码&seq=3&pid=&resourcetype=1&url=&','127.0.0.1','2015-12-07 20:24:22'),(234,'admin','admin','[类名]:com.wangzhixuan.controller.ResourceController,[方法]:editPage,[参数]:id=226&_=1449491067030&','127.0.0.1','2015-12-07 20:25:24'),(235,'admin','admin','[类名]:com.wangzhixuan.controller.ResourceController,[方法]:edit,[参数]:id=226&icon=icon-edit&status=0&name=修改密码&seq=3&pid=&resourcetype=1&url=/user/editPwdPage&','127.0.0.1','2015-12-07 20:25:28'),(236,'admin','admin','[类名]:com.wangzhixuan.controller.RoleController,[方法]:editPage,[参数]:id=8&_=1449491288100&','127.0.0.1','2015-12-07 20:28:15'),(237,'admin','admin','[类名]:com.wangzhixuan.controller.RoleController,[方法]:grantPage,[参数]:id=8&_=1449491288101&','127.0.0.1','2015-12-07 20:28:23'),(238,'admin','admin','[类名]:com.wangzhixuan.controller.LoginController,[方法]:logout,[参数]:null','127.0.0.1','2015-12-07 20:28:36'),(239,'admin','admin','[类名]:com.wangzhixuan.controller.RoleController,[方法]:editPage,[参数]:id=8&_=1449491324914&','127.0.0.1','2015-12-07 20:28:54'),(240,'admin','admin','[类名]:com.wangzhixuan.controller.RoleController,[方法]:grantPage,[参数]:id=8&_=1449491324915&','127.0.0.1','2015-12-07 20:28:56'),(241,'admin','admin','[类名]:com.wangzhixuan.controller.RoleController,[方法]:grantPage,[参数]:id=8&_=1449491355867&','127.0.0.1','2015-12-07 20:29:24'),(242,'admin','admin','[类名]:com.wangzhixuan.controller.ResourceController,[方法]:editPage,[参数]:id=226&_=1449491355868&','127.0.0.1','2015-12-07 20:30:15'),(243,'admin','admin','[类名]:com.wangzhixuan.controller.ResourceController,[方法]:edit,[参数]:id=226&icon=icon-edit&status=0&name=修改密码&seq=3&pid=&resourcetype=0&url=/user/editPwdPage&','127.0.0.1','2015-12-07 20:30:19'),(244,'admin','admin','[类名]:com.wangzhixuan.controller.RoleController,[方法]:grantPage,[参数]:id=8&_=1449491422645&','127.0.0.1','2015-12-07 20:30:29'),(245,'admin','admin','[类名]:com.wangzhixuan.controller.LoginController,[方法]:login,[参数]:null','127.0.0.1','2015-12-07 20:35:15'),(246,'admin','admin','[类名]:com.wangzhixuan.controller.LoginController,[方法]:loginPost,[参数]:username=admin&password=test&','127.0.0.1','2015-12-07 20:35:22'),(247,'admin','admin','[类名]:com.wangzhixuan.controller.UserController,[方法]:editPwdPage,[参数]:',NULL,'2015-12-07 20:35:27'),(248,'admin','admin','[类名]:com.wangzhixuan.controller.ResourceController,[方法]:editPage,[参数]:id=226&_=1449491723079&','127.0.0.1','2015-12-07 20:35:50'),(249,'admin','admin','[类名]:com.wangzhixuan.controller.ResourceController,[方法]:edit,[参数]:id=226&icon=icon-edit&status=0&name=修改密码&seq=3&pid=&resourcetype=1&url=/user/editPwdPage&','127.0.0.1','2015-12-07 20:35:55'),(250,'admin','admin','[类名]:com.wangzhixuan.controller.RoleController,[方法]:grantPage,[参数]:id=8&_=1449491758085&','127.0.0.1','2015-12-07 20:36:11'),(251,'admin','admin','[类名]:com.wangzhixuan.controller.ResourceController,[方法]:editPage,[参数]:id=226&_=1449491758086&','127.0.0.1','2015-12-07 20:36:25'),(252,'admin','admin','[类名]:com.wangzhixuan.controller.ResourceController,[方法]:edit,[参数]:id=226&icon=icon-edit&status=0&name=修改密码&seq=3&pid=&resourcetype=0&url=/user/editPwdPage&','127.0.0.1','2015-12-07 20:36:29'),(253,'admin','admin','[类名]:com.wangzhixuan.controller.RoleController,[方法]:grantPage,[参数]:id=7&_=1449491758087&','127.0.0.1','2015-12-07 20:36:34'),(254,'admin','admin','[类名]:com.wangzhixuan.controller.RoleController,[方法]:grant,[参数]:id=7&resourceIds=1,14,141,142,143,144,222,223,224,221,226&','127.0.0.1','2015-12-07 20:36:51'),(255,'admin','admin','[类名]:com.wangzhixuan.controller.RoleController,[方法]:editPage,[参数]:id=7&_=1449491758088&','127.0.0.1','2015-12-07 20:36:54'),(256,'admin','admin','[类名]:com.wangzhixuan.controller.RoleController,[方法]:editPage,[参数]:id=7&_=1449491758089&','127.0.0.1','2015-12-07 20:37:11'),(257,'admin','admin','[类名]:com.wangzhixuan.controller.RoleController,[方法]:grantPage,[参数]:id=7&_=1449491758090&','127.0.0.1','2015-12-07 20:37:14'),(258,'admin','admin','[类名]:com.wangzhixuan.controller.RoleController,[方法]:grant,[参数]:id=7&resourceIds=1,14,141,142,143,222,223,224,221,226&','127.0.0.1','2015-12-07 20:37:18'),(259,'admin','admin','[类名]:com.wangzhixuan.controller.RoleController,[方法]:editPage,[参数]:id=7&_=1449491758091&','127.0.0.1','2015-12-07 20:37:22'),(260,'admin','admin','[类名]:com.wangzhixuan.controller.RoleController,[方法]:grantPage,[参数]:id=7&_=1449491758092&','127.0.0.1','2015-12-07 20:37:24'),(261,'admin','admin','[类名]:com.wangzhixuan.controller.RoleController,[方法]:grantPage,[参数]:id=8&_=1449491758093&','127.0.0.1','2015-12-07 20:37:29'),(262,'admin','admin','[类名]:com.wangzhixuan.controller.RoleController,[方法]:grantPage,[参数]:id=7&_=1449491758094&','127.0.0.1','2015-12-07 20:37:43'),(263,'admin','admin','[类名]:com.wangzhixuan.controller.RoleController,[方法]:grantPage,[参数]:id=2&_=1449491758095&','127.0.0.1','2015-12-07 20:37:50'),(264,'admin','admin','[类名]:com.wangzhixuan.controller.RoleController,[方法]:grant,[参数]:id=2&resourceIds=1,13,131,132,133,134,222,223,224,221,226&','127.0.0.1','2015-12-07 20:37:58'),(265,'admin','admin','[类名]:com.wangzhixuan.controller.RoleController,[方法]:grantPage,[参数]:id=7&_=1449491758096&','127.0.0.1','2015-12-07 20:37:59'),(266,'admin','admin','[类名]:com.wangzhixuan.controller.RoleController,[方法]:grantPage,[参数]:id=2&_=1449491758097&','127.0.0.1','2015-12-07 20:38:06'),(267,'admin','admin','[类名]:com.wangzhixuan.controller.RoleController,[方法]:grant,[参数]:id=2&resourceIds=1,13,131,132,133,222,223,224,221,226&','127.0.0.1','2015-12-07 20:38:13'),(268,'admin','admin','[类名]:com.wangzhixuan.controller.RoleController,[方法]:grantPage,[参数]:id=2&_=1449491758098&','127.0.0.1','2015-12-07 20:38:15'),(269,'admin','admin','[类名]:com.wangzhixuan.controller.RoleController,[方法]:grant,[参数]:id=2&resourceIds=1,13,131,132,133,134,222,223,224,221,226&','127.0.0.1','2015-12-07 20:38:19'),(270,'admin','admin','[类名]:com.wangzhixuan.controller.RoleController,[方法]:grantPage,[参数]:id=7&_=1449491758099&','127.0.0.1','2015-12-07 20:38:20'),(271,'admin','admin','[类名]:com.wangzhixuan.controller.RoleController,[方法]:grant,[参数]:id=7&resourceIds=1,14,141,142,143,144,222,223,224,221,226&','127.0.0.1','2015-12-07 20:38:26'),(272,'admin','admin','[类名]:com.wangzhixuan.controller.RoleController,[方法]:grantPage,[参数]:id=2&_=1449491758100&','127.0.0.1','2015-12-07 20:38:28'),(273,'admin','admin','[类名]:com.wangzhixuan.controller.RoleController,[方法]:grant,[参数]:id=2&resourceIds=1,13,131,132,133,222,223,224,221,226&','127.0.0.1','2015-12-07 20:38:40'),(274,'admin','admin','[类名]:com.wangzhixuan.controller.RoleController,[方法]:editPage,[参数]:id=2&_=1449491758101&','127.0.0.1','2015-12-07 20:38:42'),(275,'admin','admin','[类名]:com.wangzhixuan.controller.RoleController,[方法]:editPage,[参数]:id=7&_=1449491758102&','127.0.0.1','2015-12-07 20:38:44'),(276,'admin','admin','[类名]:com.wangzhixuan.controller.RoleController,[方法]:grantPage,[参数]:id=7&_=1449491758103&','127.0.0.1','2015-12-07 20:38:46'),(277,'admin','admin','[类名]:com.wangzhixuan.controller.RoleController,[方法]:grant,[参数]:id=7&resourceIds=1,14,141,142,143,222,223,224,221,226&','127.0.0.1','2015-12-07 20:38:52'),(278,'admin','admin','[类名]:com.wangzhixuan.controller.RoleController,[方法]:grantPage,[参数]:id=1&_=1449491758104&','127.0.0.1','2015-12-07 20:38:53'),(279,'admin','admin','[类名]:com.wangzhixuan.controller.RoleController,[方法]:grant,[参数]:id=1&resourceIds=1,11,111,112,113,114,12,121,122,123,124,125,13,131,132,133,134,14,141,142,143,144,222,223,224,221,226&','127.0.0.1','2015-12-07 20:38:56'),(280,'admin','admin','[类名]:com.wangzhixuan.controller.RoleController,[方法]:editPage,[参数]:id=8&_=1449491758105&','127.0.0.1','2015-12-07 20:38:58'),(281,'admin','admin','[类名]:com.wangzhixuan.controller.RoleController,[方法]:grantPage,[参数]:id=7&_=1449491758106&','127.0.0.1','2015-12-07 20:39:01'),(282,'admin','admin','[类名]:com.wangzhixuan.controller.RoleController,[方法]:grantPage,[参数]:id=8&_=1449491758107&','127.0.0.1','2015-12-07 20:39:24'),(283,'admin','admin','[类名]:com.wangzhixuan.controller.RoleController,[方法]:grant,[参数]:id=8&resourceIds=1,11,111,12,121,13,131,14,141,222,223,224,221&','127.0.0.1','2015-12-07 20:39:31'),(284,'admin','admin','[类名]:com.wangzhixuan.controller.RoleController,[方法]:grantPage,[参数]:id=7&_=1449491758108&','127.0.0.1','2015-12-07 20:39:33'),(285,'admin','admin','[类名]:com.wangzhixuan.controller.RoleController,[方法]:grantPage,[参数]:id=2&_=1449491758109&','127.0.0.1','2015-12-07 20:39:41'),(286,'admin','admin','[类名]:com.wangzhixuan.controller.RoleController,[方法]:grantPage,[参数]:id=1&_=1449491758110&','127.0.0.1','2015-12-07 20:39:47'),(287,'admin','admin','[类名]:com.wangzhixuan.controller.LoginController,[方法]:logout,[参数]:null','127.0.0.1','2015-12-07 20:39:51'),(288,'test','admin','[类名]:com.wangzhixuan.controller.LoginController,[方法]:logout,[参数]:null','127.0.0.1','2015-12-07 20:40:10'),(289,'admin','admin','[类名]:com.wangzhixuan.controller.UserController,[方法]:editPwdPage,[参数]:',NULL,'2015-12-07 20:40:46'),(290,'admin','admin','[类名]:com.wangzhixuan.controller.ResourceController,[方法]:editPage,[参数]:id=226&_=1449492036162&','127.0.0.1','2015-12-07 20:40:59'),(291,'admin','admin','[类名]:com.wangzhixuan.controller.ResourceController,[方法]:edit,[参数]:id=226&icon=icon-edit&status=0&name=修改密码&seq=3&pid=&resourcetype=1&url=/user/editPwdPage&','127.0.0.1','2015-12-07 20:41:02'),(292,'admin','admin','[类名]:com.wangzhixuan.controller.UserController,[方法]:editPage,[参数]:id=13&_=1449492036163&','127.0.0.1','2015-12-07 20:41:45'),(293,'admin','admin','[类名]:com.wangzhixuan.controller.UserController,[方法]:edit,[参数]:id=13&loginname=snoopy&phone=18707173376&sex=0&status=0&age=25&name=snoopy&usertype=1&organizationId=3&password=123456qaz&roleIds=2&','127.0.0.1','2015-12-07 20:41:54'),(294,'admin','admin','[类名]:com.wangzhixuan.controller.UserController,[方法]:editPage,[参数]:id=1&_=1449492036164&','127.0.0.1','2015-12-07 20:41:58'),(295,'admin','admin','[类名]:com.wangzhixuan.controller.UserController,[方法]:edit,[参数]:id=1&loginname=admin&phone=18707173376&sex=0&status=0&age=25&name=admin&usertype=0&organizationId=1&password=123456qaz&roleIds=1&','127.0.0.1','2015-12-07 20:42:05'),(296,'admin','admin','[类名]:com.wangzhixuan.controller.UserController,[方法]:editPage,[参数]:id=13&_=1449492036165&','127.0.0.1','2015-12-07 20:42:06'),(297,'admin','admin','[类名]:com.wangzhixuan.controller.UserController,[方法]:edit,[参数]:id=13&loginname=snoopy&phone=18707173376&sex=0&status=0&age=25&name=snoopy&usertype=1&organizationId=3&password=qaz123456&roleIds=2&','127.0.0.1','2015-12-07 20:42:17'),(298,'admin','admin','[类名]:com.wangzhixuan.controller.UserController,[方法]:editPage,[参数]:id=14&_=1449492036166&','127.0.0.1','2015-12-07 20:42:18'),(299,'admin','admin','[类名]:com.wangzhixuan.controller.UserController,[方法]:edit,[参数]:id=14&loginname=dreamlu&phone=18707173376&sex=0&status=0&age=25&name=dreamlu&usertype=1&organizationId=5&password=qaz123456&roleIds=7&','127.0.0.1','2015-12-07 20:42:23'),(300,'admin','admin','[类名]:com.wangzhixuan.controller.LoginController,[方法]:logout,[参数]:null','127.0.0.1','2015-12-07 20:42:28'),(301,'admin','admin','[类名]:com.wangzhixuan.controller.LoginController,[方法]:logout,[参数]:null','127.0.0.1','2015-12-07 20:42:39'),(302,'admin','admin','[类名]:com.wangzhixuan.controller.LoginController,[方法]:logout,[参数]:null','127.0.0.1','2015-12-07 20:42:59'),(303,'test','admin','[类名]:com.wangzhixuan.controller.LoginController,[方法]:logout,[参数]:null','127.0.0.1','2015-12-07 20:43:16'),(304,'admin','admin','[类名]:com.wangzhixuan.controller.UserController,[方法]:editPage,[参数]:id=15&_=1475049878555&','192.168.1.170','2016-09-28 16:16:48'),(305,'admin','admin','[类名]:com.wangzhixuan.controller.RoleController,[方法]:grantPage,[参数]:id=2&_=1475049878556&','192.168.1.170','2016-09-28 16:16:58'),(306,'admin','admin','[类名]:com.mrbt.insurance.admin.controller.ResourceController,[方法]:editPage,[参数]:id=222&_=1475113593506&','192.168.1.170','2016-09-29 09:49:12'),(307,'admin','admin','[类名]:com.mrbt.insurance.admin.controller.ResourceController,[方法]:edit,[参数]:id=222&name=网站设置&resourcetype=0&url=&seq=1&icon=icon-company&status=0&pid=&','192.168.1.170','2016-09-29 09:49:58'),(308,'admin','admin','[类名]:com.mrbt.insurance.admin.controller.ResourceController,[方法]:edit,[参数]:id=222&name=网站设置&resourcetype=0&url=&seq=1&icon=icon-company&status=0&pid=&','192.168.1.170','2016-09-29 09:50:02'),(309,'admin','admin','[类名]:com.mrbt.insurance.admin.controller.ResourceController,[方法]:editPage,[参数]:id=222&_=1475113593507&','192.168.1.170','2016-09-29 09:50:19'),(310,'admin','admin','[类名]:com.mrbt.insurance.admin.controller.ResourceController,[方法]:edit,[参数]:id=222&name=网站设置&resourcetype=0&url=&seq=1&icon=icon-company&status=0&pid=&','192.168.1.170','2016-09-29 09:50:22'),(311,'admin','admin','[类名]:com.mrbt.insurance.admin.controller.LoginController,[方法]:logout,[参数]:',NULL,'2016-09-29 09:51:02'),(312,'admin','admin','[类名]:com.mrbt.insurance.admin.controller.ResourceController,[方法]:editPage,[参数]:id=222&_=1475113891932&','192.168.1.170','2016-09-29 09:51:31'),(313,'admin','admin','[类名]:com.mrbt.insurance.admin.controller.ResourceController,[方法]:editPage,[参数]:id=222&_=1475113891933&','192.168.1.170','2016-09-29 09:51:59'),(314,'admin','admin','[类名]:com.mrbt.insurance.admin.controller.ResourceController,[方法]:edit,[参数]:id=222&name=网站设置&resourcetype=0&url=&seq=1&icon=icon-company&status=0&pid=&','192.168.1.170','2016-09-29 09:52:01'),(315,'admin','admin','[类名]:com.mrbt.insurance.admin.controller.LoginController,[方法]:loginPost,[参数]:username=admin&password=123456&','192.168.1.170','2016-09-29 16:17:15'),(316,'admin','admin','[类名]:com.mrbt.insurance.admin.controller.RoleController,[方法]:addPage,[参数]:',NULL,'2016-09-29 16:18:15'),(317,'admin','admin','[类名]:com.mrbt.insurance.admin.controller.LoginController,[方法]:logout,[参数]:',NULL,'2016-09-29 16:18:44'),(318,'admin','admin','[类名]:com.mrbt.insurance.admin.controller.LoginController,[方法]:logout,[参数]:',NULL,'2016-09-29 16:20:43'),(319,'admin','admin','[类名]:com.mrbt.insurance.admin.controller.ResourceController,[方法]:editPage,[参数]:id=222&_=1475140468349&','192.168.1.170','2016-09-29 17:14:24'),(320,'admin','admin','[类名]:com.mrbt.insurance.admin.controller.ResourceController,[方法]:delete,[参数]:id=222&','192.168.1.170','2016-09-29 17:14:37'),(321,'admin','admin','[类名]:com.mrbt.insurance.admin.controller.ResourceController,[方法]:addPage,[参数]:',NULL,'2016-09-29 17:16:40'),(322,'admin','admin','[类名]:com.mrbt.insurance.admin.controller.ResourceController,[方法]:editPage,[参数]:id=221&_=1475140593098&','192.168.1.170','2016-09-29 17:17:54'),(323,'admin','admin','[类名]:com.mrbt.insurance.admin.controller.ResourceController,[方法]:addPage,[参数]:',NULL,'2016-09-29 17:18:58'),(324,'admin','admin','[类名]:com.mrbt.insurance.admin.controller.ResourceController,[方法]:add,[参数]:name=网站设置&resourcetype=0&url=&seq=1&icon=&status=0&pid=&','192.168.1.170','2016-09-29 17:19:26'),(325,'admin','admin','[类名]:com.mrbt.insurance.admin.controller.LoginController,[方法]:logout,[参数]:',NULL,'2016-09-29 17:19:37'),(326,'admin','admin','[类名]:com.mrbt.insurance.admin.controller.ResourceController,[方法]:addPage,[参数]:',NULL,'2016-09-29 17:39:08'),(327,'admin','admin','[类名]:com.mrbt.insurance.admin.controller.ResourceController,[方法]:add,[参数]:name=测试&resourcetype=0&url=http://www.baidu.com&seq=0&icon=&status=0&pid=221&','192.168.1.170','2016-09-29 17:39:36'),(328,'admin','admin','[类名]:com.mrbt.insurance.admin.controller.ResourceController,[方法]:delete,[参数]:id=228&','192.168.1.170','2016-09-29 17:40:05'),(329,'admin','admin','[类名]:com.mrbt.insurance.admin.controller.ResourceController,[方法]:delete,[参数]:id=227&','192.168.1.170','2016-09-29 17:40:27'),(330,'admin','admin','[类名]:com.mrbt.insurance.admin.controller.ResourceController,[方法]:addPage,[参数]:',NULL,'2016-09-30 10:07:45'),(331,'admin','admin','[类名]:com.mrbt.insurance.admin.controller.ResourceController,[方法]:add,[参数]:name=网络资源&resourcetype=0&url=http://www.baidu.com&seq=1&icon=&status=0&pid=&','192.168.1.170','2016-09-30 10:08:14'),(332,'admin','admin','[类名]:com.mrbt.insurance.admin.controller.ResourceController,[方法]:editPage,[参数]:id=229&_=1475201184205&','192.168.1.170','2016-09-30 10:08:32'),(333,'admin','admin','[类名]:com.mrbt.insurance.admin.controller.ResourceController,[方法]:edit,[参数]:id=229&name=网络资源&resourcetype=0&url=http://www.baidu.com&seq=1&icon=icon-company&status=0&pid=&','192.168.1.170','2016-09-30 10:08:34'),(334,'admin','admin','[类名]:com.mrbt.insurance.admin.controller.ResourceController,[方法]:editPage,[参数]:id=229&_=1475201816918&','192.168.1.170','2016-09-30 10:17:03'),(335,'admin','admin','[类名]:com.mrbt.insurance.admin.controller.ResourceController,[方法]:edit,[参数]:id=229&name=网络资源&resourcetype=0&url=http://www.baidu.com&seq=1&icon=icon-company&status=0&pid=&','192.168.1.170','2016-09-30 10:17:06'),(336,'admin','admin','[类名]:com.mrbt.insurance.admin.controller.ResourceController,[方法]:editPage,[参数]:id=229&_=1475201974515&','192.168.1.170','2016-09-30 10:19:24'),(337,'admin','admin','[类名]:com.mrbt.insurance.admin.controller.ResourceController,[方法]:edit,[参数]:id=229&name=网络资源&resourcetype=0&url=http://www.baidu.com&seq=1&icon=icon-company&status=0&pid=&','192.168.1.170','2016-09-30 10:19:26'),(338,'admin','admin','[类名]:com.mrbt.insurance.admin.controller.ResourceController,[方法]:editPage,[参数]:id=229&_=1475202033904&','192.168.1.170','2016-09-30 10:20:27'),(339,'admin','admin','[类名]:com.mrbt.insurance.admin.controller.ResourceController,[方法]:edit,[参数]:id=229&name=网络资源&resourcetype=0&url=http://www.baidu.com&seq=1&icon=icon-company&status=0&pid=&','192.168.1.170','2016-09-30 10:20:28'),(340,'admin','admin','[类名]:com.mrbt.insurance.admin.controller.ResourceController,[方法]:edit,[参数]:id=229&name=网络资源&resourcetype=0&url=http://www.baidu.com&seq=1&icon=icon-company&status=0&pid=&','192.168.1.170','2016-09-30 10:21:04'),(341,'admin','admin','[类名]:com.mrbt.insurance.admin.controller.ResourceController,[方法]:edit,[参数]:id=229&name=网络资源&resourcetype=0&url=http://www.baidu.com&seq=1&icon=icon-company&status=0&pid=&','192.168.1.170','2016-09-30 10:21:15'),(342,'admin','admin','[类名]:com.mrbt.insurance.admin.controller.ResourceController,[方法]:editPage,[参数]:id=229&_=1475202098818&','192.168.1.170','2016-09-30 10:22:54'),(343,'admin','admin','[类名]:com.mrbt.insurance.admin.controller.ResourceController,[方法]:edit,[参数]:id=229&name=网络资源&resourcetype=0&url=http://www.baidu.com&seq=1&icon=icon-company&status=0&pid=&','192.168.1.170','2016-09-30 10:22:55'),(344,'admin','admin','[类名]:com.mrbt.insurance.admin.controller.ResourceController,[方法]:edit,[参数]:id=229&name=网络资源1&resourcetype=0&url=http://www.baidu.com&seq=1&icon=icon-company&status=0&pid=&','192.168.1.170','2016-09-30 10:23:11'),(345,'admin','admin','[类名]:com.mrbt.insurance.admin.controller.ResourceController,[方法]:editPage,[参数]:id=229&_=1475202272288&','192.168.1.170','2016-09-30 10:24:26'),(346,'admin','admin','[类名]:com.mrbt.insurance.admin.controller.ResourceController,[方法]:edit,[参数]:id=229&name=网络资源2&resourcetype=0&url=http://www.baidu.com&seq=1&icon=icon-company&status=0&pid=&','192.168.1.170','2016-09-30 10:24:30'),(347,'admin','admin','[类名]:com.mrbt.insurance.admin.controller.ResourceController,[方法]:editPage,[参数]:id=229&_=1475202272289&','192.168.1.170','2016-09-30 10:27:54'),(348,'admin','admin','[类名]:com.mrbt.insurance.admin.controller.ResourceController,[方法]:edit,[参数]:id=229&name=网络资源2&resourcetype=0&url=http://www.baidu.com&seq=1&icon=icon-company&status=0&pid=&','192.168.1.170','2016-09-30 10:27:56'),(349,'admin','admin','[类名]:com.mrbt.insurance.admin.controller.ResourceController,[方法]:delete,[参数]:id=229&','192.168.1.170','2016-09-30 10:31:09'),(350,'admin','admin','[类名]:com.mrbt.insurance.admin.controller.ResourceController,[方法]:addPage,[参数]:',NULL,'2016-09-30 11:29:07'),(351,'admin','admin','[类名]:com.mrbt.insurance.admin.controller.ResourceController,[方法]:add,[参数]:name=日志管理&resourcetype=0&url=/sysLog/manager&seq=1&icon=menu_icon_service&status=0&pid=221&','192.168.1.170','2016-09-30 11:30:56'),(352,'admin','admin','[类名]:com.mrbt.insurance.admin.controller.ResourceController,[方法]:editPage,[参数]:id=13&_=1475206278107&','192.168.1.170','2016-09-30 11:40:21'),(353,'admin','admin','[类名]:com.mrbt.insurance.admin.controller.ResourceController,[方法]:edit,[参数]:id=13&name=用户管理&resourcetype=0&url=/user/manager&seq=3&icon=icon-filter&status=0&pid=1&','192.168.1.170','2016-09-30 11:40:24'),(354,'admin','admin','[类名]:com.mrbt.insurance.admin.controller.ResourceController,[方法]:editPage,[参数]:id=14&_=1475206278108&','192.168.1.170','2016-09-30 11:41:18'),(355,'admin','admin','[类名]:com.mrbt.insurance.admin.controller.ResourceController,[方法]:edit,[参数]:id=14&name=部门管理&resourcetype=0&url=/organization/manager&seq=4&icon=icon-list&status=0&pid=1&','192.168.1.170','2016-09-30 11:41:21'),(356,'admin','admin','[类名]:com.mrbt.insurance.admin.controller.ResourceController,[方法]:editPage,[参数]:id=12&_=1475206278109&','192.168.1.170','2016-09-30 11:42:11'),(357,'admin','admin','[类名]:com.mrbt.insurance.admin.controller.ResourceController,[方法]:edit,[参数]:id=12&name=角色管理&resourcetype=0&url=/role/manager&seq=2&icon=icon-man&status=0&pid=1&','192.168.1.170','2016-09-30 11:42:15'),(358,'admin','admin','[类名]:com.mrbt.insurance.admin.controller.ResourceController,[方法]:editPage,[参数]:id=230&_=1475206968819&','192.168.1.170','2016-09-30 11:43:27'),(359,'admin','admin','[类名]:com.mrbt.insurance.admin.controller.ResourceController,[方法]:edit,[参数]:id=230&name=日志管理&resourcetype=0&url=/sysLog/manager&seq=1&icon=icon-large-smartart&status=0&pid=221&','192.168.1.170','2016-09-30 11:43:30'),(360,'admin','admin','[类名]:com.mrbt.insurance.admin.controller.ResourceController,[方法]:editPage,[参数]:id=230&_=1475207379600&','192.168.1.170','2016-09-30 11:49:41'),(361,'admin','admin','[类名]:com.mrbt.insurance.admin.controller.ResourceController,[方法]:edit,[参数]:id=230&name=日志管理1&resourcetype=0&url=/sysLog/manager&seq=1&icon=icon-large-smartart&status=0&pid=221&','192.168.1.170','2016-09-30 11:49:45'),(362,'admin','admin','[类名]:com.mrbt.insurance.admin.controller.ResourceController,[方法]:editPage,[参数]:id=230&_=1475207494600&','192.168.1.170','2016-09-30 11:51:38'),(363,'admin','admin','[类名]:com.mrbt.insurance.admin.controller.ResourceController,[方法]:edit,[参数]:id=230&name=日志管理&resourcetype=0&url=/sysLog/manager&seq=1&icon=icon-large-smartart&status=0&pid=221&','192.168.1.170','2016-09-30 11:51:44'),(364,'admin','admin','[类名]:com.mrbt.insurance.admin.controller.ResourceController,[方法]:editPage,[参数]:id=230&_=1475207618377&','192.168.1.170','2016-09-30 11:53:33'),(365,'admin','admin','[类名]:com.mrbt.insurance.admin.controller.ResourceController,[方法]:edit,[参数]:id=230&name=操作日志&resourcetype=0&url=/sysLog/manager&seq=1&icon=icon-large-smartart&status=0&pid=221&','192.168.1.170','2016-09-30 11:53:45'),(366,'admin','admin','[类名]:com.mrbt.insurance.admin.controller.ResourceController,[方法]:editPage,[参数]:id=230&_=1475207940563&','192.168.1.170','2016-09-30 11:58:56'),(367,'admin','admin','[类名]:com.mrbt.insurance.admin.controller.ResourceController,[方法]:edit,[参数]:id=230&name=登录日志&resourcetype=0&url=/sysLog/manager&seq=1&icon=icon-large-smartart&status=0&pid=221&','192.168.1.170','2016-09-30 11:59:04'),(368,'admin','admin','[类名]:com.mrbt.insurance.admin.controller.ResourceController,[方法]:editPage,[参数]:id=230&_=1475208221577&','192.168.1.170','2016-09-30 12:03:38'),(369,'admin','admin','[类名]:com.mrbt.insurance.admin.controller.ResourceController,[方法]:edit,[参数]:id=230&name=登录日志&resourcetype=0&url=/sysLog/manager&seq=1&icon=icon-large-smartart&status=0&pid=221&','192.168.1.170','2016-09-30 12:03:39'),(370,'admin','admin','[类名]:com.mrbt.insurance.admin.controller.ResourceController,[方法]:editPage,[参数]:id=230&_=1475208378263&','192.168.1.170','2016-09-30 12:06:09'),(371,'admin','admin','[类名]:com.mrbt.insurance.admin.controller.ResourceController,[方法]:edit,[参数]:id=230&name=登录日志&resourcetype=0&url=/sysLog/manager&seq=1&icon=icon-large-smartart&status=0&pid=221&','192.168.1.170','2016-09-30 12:06:10'),(372,'admin','admin','[类名]:com.mrbt.insurance.admin.controller.ResourceController,[方法]:editPage,[参数]:id=230&_=1475208378264&','192.168.1.170','2016-09-30 12:07:47'),(373,'admin','admin','[类名]:com.mrbt.insurance.admin.controller.ResourceController,[方法]:edit,[参数]:id=230&name=登录日志&resourcetype=0&url=/sysLog/manager&seq=1&icon=icon-large-smartart&status=0&pid=221&','192.168.1.170','2016-09-30 12:07:48'),(374,'admin','admin','[类名]:com.mrbt.insurance.admin.controller.ResourceController,[方法]:editPage,[参数]:id=230&_=1475208503045&','192.168.1.170','2016-09-30 12:08:14'),(375,'admin','admin','[类名]:com.mrbt.insurance.admin.controller.ResourceController,[方法]:edit,[参数]:id=230&name=登录日志1&resourcetype=0&url=/sysLog/manager&seq=1&icon=icon-large-smartart&status=0&pid=221&','192.168.1.170','2016-09-30 12:08:17'),(376,'admin','admin','[类名]:com.mrbt.insurance.admin.controller.ResourceController,[方法]:editPage,[参数]:id=230&_=1475208706457&','192.168.1.170','2016-09-30 12:12:28'),(377,'admin','admin','[类名]:com.mrbt.insurance.admin.controller.ResourceController,[方法]:edit,[参数]:id=230&name=登录日志&resourcetype=0&url=/sysLog/manager&seq=1&icon=icon-large-smartart&status=0&pid=221&','192.168.1.170','2016-09-30 12:12:31'),(378,'admin','admin','[类名]:com.mrbt.insurance.admin.controller.ResourceController,[方法]:addPage,[参数]:',NULL,'2016-09-30 12:12:56'),(379,'admin','admin','[类名]:com.mrbt.insurance.admin.controller.ResourceController,[方法]:add,[参数]:name=Druid监控&resourcetype=0&url=/druid&seq=2&icon=menu_icon_datadeal&status=0&pid=221&','192.168.1.170','2016-09-30 12:13:37'),(380,'admin','admin','[类名]:com.mrbt.insurance.admin.controller.ResourceController,[方法]:editPage,[参数]:id=231&_=1475208886908&','192.168.1.170','2016-09-30 12:15:15'),(381,'admin','admin','[类名]:com.mrbt.insurance.admin.controller.ResourceController,[方法]:edit,[参数]:id=231&name=Druid监控&resourcetype=0&url=/druid&seq=2&icon=icon-large-chart&status=0&pid=221&','192.168.1.170','2016-09-30 12:15:17'),(382,'admin','admin','[类名]:com.mrbt.insurance.admin.controller.ResourceController,[方法]:addPage,[参数]:',NULL,'2016-09-30 14:10:46');
/*!40000 ALTER TABLE `syslog` ENABLE KEYS */;
UNLOCK TABLES;

--
-- Table structure for table `user`
--

DROP TABLE IF EXISTS `user`;
/*!40101 SET @saved_cs_client     = @@character_set_client */;
/*!40101 SET character_set_client = utf8 */;
CREATE TABLE `user` (
  `id` bigint(19) NOT NULL AUTO_INCREMENT,
  `loginname` varchar(64) NOT NULL,
  `name` varchar(64) NOT NULL,
  `password` varchar(64) NOT NULL,
  `sex` tinyint(2) NOT NULL DEFAULT '0',
  `age` tinyint(2) DEFAULT '0',
  `usertype` tinyint(2) NOT NULL DEFAULT '0',
  `status` tinyint(2) NOT NULL DEFAULT '0',
  `organization_id` int(11) NOT NULL DEFAULT '0',
  `createdate` datetime NOT NULL,
  `phone` varchar(20) DEFAULT NULL,
  PRIMARY KEY (`id`)
) ENGINE=InnoDB AUTO_INCREMENT=16 DEFAULT CHARSET=utf8 COMMENT='用户';
/*!40101 SET character_set_client = @saved_cs_client */;

--
-- Dumping data for table `user`
--

LOCK TABLES `user` WRITE;
/*!40000 ALTER TABLE `user` DISABLE KEYS */;
INSERT INTO `user` VALUES (1,'admin','admin','e10adc3949ba59abbe56e057f20f883e',0,25,0,0,1,'2015-12-06 13:14:05','18707173376'),(13,'snoopy','snoopy','e10adc3949ba59abbe56e057f20f883e',0,25,1,0,3,'2015-10-01 13:12:07','18707173376'),(14,'dreamlu','dreamlu','e10adc3949ba59abbe56e057f20f883e',0,25,1,0,5,'2015-10-11 23:12:58','18707173376'),(15,'test','test','e10adc3949ba59abbe56e057f20f883e',0,25,1,0,6,'2015-12-06 13:13:03','18707173376');
/*!40000 ALTER TABLE `user` ENABLE KEYS */;
UNLOCK TABLES;

--
-- Table structure for table `user_role`
--

DROP TABLE IF EXISTS `user_role`;
/*!40101 SET @saved_cs_client     = @@character_set_client */;
/*!40101 SET character_set_client = utf8 */;
CREATE TABLE `user_role` (
  `id` bigint(19) NOT NULL AUTO_INCREMENT,
  `user_id` bigint(19) NOT NULL,
  `role_id` bigint(19) NOT NULL,
  PRIMARY KEY (`id`)
) ENGINE=InnoDB AUTO_INCREMENT=65 DEFAULT CHARSET=utf8 COMMENT='用户角色';
/*!40101 SET character_set_client = @saved_cs_client */;

--
-- Dumping data for table `user_role`
--

LOCK TABLES `user_role` WRITE;
/*!40000 ALTER TABLE `user_role` DISABLE KEYS */;
INSERT INTO `user_role` VALUES (53,15,8),(60,1,1),(61,1,2),(62,1,7),(63,13,2),(64,14,7);
/*!40000 ALTER TABLE `user_role` ENABLE KEYS */;
UNLOCK TABLES;
/*!40103 SET TIME_ZONE=@OLD_TIME_ZONE */;

/*!40101 SET SQL_MODE=@OLD_SQL_MODE */;
/*!40014 SET FOREIGN_KEY_CHECKS=@OLD_FOREIGN_KEY_CHECKS */;
/*!40014 SET UNIQUE_CHECKS=@OLD_UNIQUE_CHECKS */;
/*!40101 SET CHARACTER_SET_CLIENT=@OLD_CHARACTER_SET_CLIENT */;
/*!40101 SET CHARACTER_SET_RESULTS=@OLD_CHARACTER_SET_RESULTS */;
/*!40101 SET COLLATION_CONNECTION=@OLD_COLLATION_CONNECTION */;
/*!40111 SET SQL_NOTES=@OLD_SQL_NOTES */;

-- Dump completed on 2018-06-15 10:39:10
